SALE TYPE,SOLD DATE,PROPERTY TYPE,ADDRESS,CITY,STATE OR PROVINCE,ZIP OR POSTAL CODE,PRICE,BEDS,BATHS,LOCATION,SQUARE FEET,LOT SIZE,YEAR BUILT,DAYS ON MARKET,$/SQUARE FEET,HOA/MONTH,STATUS,NEXT OPEN HOUSE START TIME,NEXT OPEN HOUSE END TIME,URL (SEE https://www.redfin.com/buy-a-home/comparative-market-analysis FOR INFO ON PRICING),SOURCE,MLS#,FAVORITE,INTERESTED,LATITUDE,LONGITUDE
MLS Listing,,Townhouse,,Oakland Park,FL,33309,299900,2,1.5,,978,,1984,3,307,450,Active,August-27-2023 01:00 PM,August-27-2023 03:00 PM,https://www.redfin.com/FL/Oakland-Park/Undisclosed-address-33309/home/41664317,MARMLS,A11437002,N,Y,26.1680782,-80.1794165
MLS Listing,,Single Family Residential,12822 SW 53rd Ct,Miramar,FL,33027,650000,4,2.5,SOMERSET II SOUTH,1823,4009,2002,4,357,150,Active,,,https://www.redfin.com/FL/Miramar/12822-SW-53rd-Ct-33027/home/41865777,MARMLS,A11435087,N,Y,25.9587308,-80.3162402
MLS Listing,,Single Family Residential,8507 White Egret Way,Lake Worth,FL,33467,479000,2,2.0,Lakes OF Sherbrooke PH 5,1598,7686,1986,4,300,179,Active,,,https://www.redfin.com/FL/Lake-Worth/8507-White-Egret-Way-33467/home/42179170,Beaches MLS,RX-10912522,N,Y,26.6016948,-80.183082
MLS Listing,,Condo/Co-op,7601 E Treasure Dr #2203,North Bay Village,FL,33141,515000,2,2.0,THE GRANDVIEW PALACE COND,1030,,1987,4,500,842,Active,,,https://www.redfin.com/FL/North-Bay-Village/7601-E-Treasure-Dr-33141/unit-2203/home/43308664,MARMLS,A11436089,N,Y,25.8476718,-80.1458676
MLS Listing,,Single Family Residential,2970 NW 176th St,Miami Gardens,FL,33056,440000,3,1.5,MYRTLE GROVE,1190,7500,1954,7,370,,Active,,,https://www.redfin.com/FL/Miami-Gardens/2970-NW-176th-St-33056/home/42984510,MARMLS,A11435111,N,Y,25.9339673,-80.2507108
MLS Listing,,Single Family Residential,2505 Glendale Dr,Royal Palm Beach,FL,33411,624900,4,2.5,"Madison Green 1 Pars F, G And I",2778,6643,2002,10,225,233,Active,,,https://www.redfin.com/FL/Royal-Palm-Beach/2505-Glendale-Dr-33411/home/42563950,Beaches MLS,RX-10911060,N,Y,26.721682,-80.2364226
MLS Listing,,Single Family Residential,5611 Coco Palm Dr,Tamarac,FL,33319,550000,3,3.0,Woodlands Sec Seven 67-41,2771,10661,1970,10,198,117,Active,,,https://www.redfin.com/FL/Tamarac/5611-Coco-Palm-Dr-33319/home/41571420,Beaches MLS,F10394862,N,Y,26.185061,-80.2260752
MLS Listing,,Single Family Residential,6450 Mckinley St,Hollywood,FL,33024,510000,3,2.0,FLEETWOOD MANOR,1144,6003,1963,11,446,,Active,,,https://www.redfin.com/FL/Hollywood/6450-McKinley-St-33024/home/41883967,MARMLS,A11433809,N,Y,26.0228373,-80.2173852
MLS Listing,,Condo/Co-op,2880 NE 203rd St #6,Aventura,FL,33180,210000,1,1.0,BISCAYNE LAKE GDN BLDG B,800,,1964,11,263,383,Active,,,https://www.redfin.com/FL/Miami/2880-NE-203rd-St-33180/unit-6/home/42925770,MARMLS,A11430832,N,Y,25.9631491,-80.1442976
MLS Listing,,Single Family Residential,924 NW 24th Ave,Fort Lauderdale,FL,33311,355000,3,1.0,FRANKLIN PARK AMENDED,962,4753,1960,12,369,,Active,,,https://www.redfin.com/FL/Fort-Lauderdale/924-NW-24th-Ave-33311/home/41788454,MARMLS,A11431975,N,Y,26.13513,-80.1741123
MLS Listing,,Single Family Residential,2209 NW 49 Ave,Coconut Creek,FL,33063,725000,4,2.5,Lyons West,2198,5197,1998,17,330,102,Active,,,https://www.redfin.com/FL/Coconut-Creek/2209-NW-49th-Ave-33063/home/41496656,Beaches MLS,RX-10909280,N,Y,26.2553768,-80.1920616
MLS Listing,,Condo/Co-op,210 174th St Unit L11,Sunny Isles Beach,FL,33160,399000,2,2.0,WINSTON TOWERS 600 CONDO,1294,,1981,18,308,637,Active,,,https://www.redfin.com/FL/Sunny-Isles-Beach/210-174th-St-33160/unit-L11/home/43238457,MARMLS,A11428657,N,Y,25.9379608,-80.1212683
MLS Listing,,Single Family Residential,108 Princewood Ln,Palm Beach Gardens,FL,33410,874900,3,2.0,Sanctuary 01,1969,,1995,23,444,262,Active,,,https://www.redfin.com/FL/Palm-Beach-Gardens/108-Princewood-Ln-33410/home/42645796,Beaches MLS,RX-10907849,N,Y,26.869026,-80.0766351
MLS Listing,,Condo/Co-op,10661 SW 108th Ave Unit 2H,Miami,FL,33176,300000,2,2.0,THE PRADO CONDO,911,,1975,24,329,251,Active,,,https://www.redfin.com/FL/Miami/10661-SW-108th-Ave-33176/unit-2H/home/43154406,MARMLS,A11426238,N,Y,25.6696847,-80.3688939
MLS Listing,,Condo/Co-op,1450 Brickell Bay Dr #709,Miami,FL,33131,598000,2,2.0,COSTA BELLA CONDO,1030,,1977,24,581,773,Active,,,https://www.redfin.com/FL/Miami/1450-Brickell-Bay-Dr-33131/unit-709/home/42758563,MARMLS,A11424616,N,Y,25.757545,-80.1912161
MLS Listing,,Condo/Co-op,3133 Clint Moore Rd #103,Boca Raton,FL,33496,365000,2,2.0,Bocar,1238,,1991,26,295,624,Active,,,https://www.redfin.com/FL/Boca-Raton/3133-Clint-Moore-Rd-33496/unit-103/home/42601020,Beaches MLS,RX-10907172,N,Y,26.4084694,-80.1484843
MLS Listing,,Townhouse,1000 SW 42nd Ave,Deerfield Beach,FL,33442,485000,3,2.0,Olympia & York Residential Plat,1495,4166,1997,31,324,591,Active,,,https://www.redfin.com/FL/Deerfield-Beach/1000-SW-42nd-Ave-33442/home/41472289,Beaches MLS,RX-10905967,N,Y,26.3045243,-80.1598341
MLS Listing,,Single Family Residential,830 N Lakeside Dr,Lake Worth,FL,33460,950000,3,2.0,Lake Worth Town OF,1846,6752,2020,32,515,,Active,,,https://www.redfin.com/FL/Lake-Worth-Beach/830-N-Lakeside-Dr-33460/home/172072953,Beaches MLS,RX-10905723,N,Y,26.6259745,-80.0488862
MLS Listing,,Townhouse,1001 Raintree Ln,Palm Beach Gardens,FL,33410,380000,3,2.5,Rainwood East Replat,1553,,1983,38,245,167,Active,,,https://www.redfin.com/FL/Palm-Beach-Gardens/1001-Raintree-Ln-33410/home/42452441,Beaches MLS,RX-10904421,N,Y,26.8316606,-80.073707
MLS Listing,,Single Family Residential,1250 Mayview Way,Wellington,FL,33414,897900,4,2.5,Meadow Wood OF The Landings AT Wellingto,2761,23066,1989,38,325,17,Active,,,https://www.redfin.com/FL/Wellington/1250-Mayview-Way-33414/home/42500032,Beaches MLS,RX-10904406,N,Y,26.6643165,-80.2957814
MLS Listing,,Condo/Co-op,3525 S Ocean Blvd #4020,South Palm Beach,FL,33480,574500,2,2.0,Lakewood AT Palm Beach Condo,1204,,1985,38,477,713,Active,,,https://www.redfin.com/FL/South-Palm-Beach/3525-S-Ocean-Blvd-33480/unit-4020/home/42470413,Beaches MLS,RX-10904270,N,Y,26.5925586,-80.0396826
MLS Listing,,Condo/Co-op,18800 NE 29th Ave #324,Aventura,FL,33180,439000,2,2.0,VENTURE AT AVENTURA EAST,1086,,2005,39,404,696,Active,,,https://www.redfin.com/FL/Aventura/18800-NE-29th-Ave-33180/unit-324/home/43375990,MARMLS,A11417110,N,Y,25.9493447,-80.1436434
MLS Listing,,Single Family Residential,11194 Osprey Lake Ln,Palm Beach Gardens,FL,33412,789000,4,3.0,Osprey Isles Pud,2484,7150,2006,40,318,277,Active,,,https://www.redfin.com/FL/Palm-Beach-Gardens/11194-Osprey-Lake-Ln-33412/home/168150662,Beaches MLS,RX-10903760,N,Y,26.8202487,-80.216402
MLS Listing,,Condo/Co-op,3000 N Ocean Dr Unit 22e,Singer Island,FL,33404,1229000,2,2.0,Tiara Condo,1468,,1977,40,837,1515,Active,,,https://www.redfin.com/FL/Riviera-Beach/3000-N-Ocean-Dr-33404/unit-22E/home/42463610,Beaches MLS,RX-10903655,N,Y,26.7868613,-80.0332519
MLS Listing,,Single Family Residential,455 Hampton Ln,Key Biscayne,FL,33149,3800000,5,4.0,TROPICAL ISLE HOMES SUB 1,3468,7646,1995,52,1096,,Active,,,https://www.redfin.com/FL/Key-Biscayne/455-Hampton-Ln-33149/home/43431717,MARMLS,A11410042,N,Y,25.6926823,-80.1676924
MLS Listing,,Multi-Family (2-4 Unit),1133-1137 NE 17th Ave,Fort Lauderdale,FL,33304,2100000,8,3.5,PROGRESSO,5904,,1957,52,356,,Active,,,https://www.redfin.com/FL/Fort-Lauderdale/1133-1137-NE-17th-Ave-33304/home/185966166,MARMLS,A11402537,N,Y,26.14042,-80.1261938
MLS Listing,,Single Family Residential,5805 NW 54 Cir,Coral Springs,FL,33067,915000,4,3.0,Coral Creek Replat NO 5,2525,7800,2003,53,362,237,Active,,,https://www.redfin.com/FL/Coral-Springs/5805-NW-54th-Cir-33067/home/41993644,Beaches MLS,RX-10900711,N,Y,26.2959955,-80.2077518
MLS Listing,,Condo/Co-op,3640 N Ocean Dr Apt 929,Singer Island,FL,33404,414900,1,1.5,Villa Towers,720,,1972,57,576,803,Active,,,https://www.redfin.com/FL/Riviera-Beach/3640-N-Ocean-Dr-33404/unit-929/home/42465964,Beaches MLS,RX-10899783,N,Y,26.790511,-80.0331008
MLS Listing,,Single Family Residential,6756 Camille St,Boynton Beach,FL,33437,555000,3,2.0,Pipers Glen,1836,6018,1996,59,302,345,Active,,,https://www.redfin.com/FL/Boynton-Beach/6756-Camille-St-33437/home/42213301,Beaches MLS,RX-10899416,N,Y,26.4970175,-80.1512532
MLS Listing,,Condo/Co-op,5661 Riverside Dr Unit 306b7,Coral Springs,FL,33067,290000,2,2.0,Grand Oasis Condo,950,,1988,59,305,607,Active,,,https://www.redfin.com/FL/Coral-Springs/5661-Riverside-Dr-33067/unit-306B7/home/42022673,Beaches MLS,RX-10899415,N,Y,26.2984746,-80.2349632
MLS Listing,,Single Family Residential,3130 Hartridge Ter,Wellington,FL,33414,1299000,5,5.5,Olympia 2,4174,14869,2005,66,311,305,Active,,,https://www.redfin.com/FL/Wellington/3130-Hartridge-Ter-33414/home/42585110,Beaches MLS,RX-10897788,N,Y,26.6328967,-80.190536
MLS Listing,,Single Family Residential,2431 Key Largo Ln,Fort Lauderdale,FL,33312,924900,3,2.0,LAUDERDALE ISLES NO 2,1346,7152,1955,66,687,,Active,,,https://www.redfin.com/FL/Fort-Lauderdale/2431-Key-Largo-Ln-33312/home/41816336,MARMLS,A11402532,N,Y,26.0907832,-80.1938758
MLS Listing,,Condo/Co-op,9688 Fontainebleau Blvd #208,Miami,FL,33172,330000,2,2.0,GOLFVIEW CL FONTAINBL PK,1227,,1982,70,269,433,Active,,,https://www.redfin.com/FL/Miami/9688-Fontainebleau-Blvd-33172/unit-208/home/43052255,MARMLS,A11400690,N,Y,25.7723649,-80.3522488
MLS Listing,,Multi-Family (2-4 Unit),3111-3113 SW 12th St,Miami,FL,33135,1750000,6,5.0,CORAL RIDGE,5288,,2008,77,331,,Active,,,https://www.redfin.com/FL/Miami/3111-SW-12th-St-33135/home/43451029,MARMLS,A11397751,N,Y,25.761468,-80.2453446
MLS Listing,,Condo/Co-op,2640 Lake Shore Dr #2112,Riviera Beach,FL,33404,829000,2,2.0,Marina Grande Riviera Beach Condo,1716,155128,2007,86,483,1150,Active,,,https://www.redfin.com/FL/Riviera-Beach/2640-Lake-Shore-Dr-33404/unit-2112/home/42658252,Beaches MLS,RX-10893045,N,Y,26.784161,-80.0483841
MLS Listing,,Single Family Residential,511 Saturn Ln,Juno Beach,FL,33408,2900000,3,3.0,Sea Dunes,2601,7312,2004,87,1115,,Active,,,https://www.redfin.com/FL/Juno-Beach/511-Saturn-Ln-33408/home/42388637,Beaches MLS,RX-10892839,N,Y,26.8827984,-80.0548457
MLS Listing,,Townhouse,1617 NE 5th St,Fort Lauderdale,FL,33301,1099000,3,3.5,Victoria Park,2420,,2002,88,454,,Active,,,https://www.redfin.com/FL/Fort-Lauderdale/1617-NE-5th-St-33301/home/42012572,MARMLS,A11390531,N,Y,26.1287179,-80.1266431
MLS Listing,,Single Family Residential,660 NE 57th Ct,Oakland Park,FL,33334,470000,3,2.0,Collier Estates 3rd Add 4,998,6007,1959,106,471,,Active,,,https://www.redfin.com/FL/Oakland-Park/660-NE-57th-Ct-33334/home/41646517,Beaches MLS,F10379621,N,Y,26.1980329,-80.1377773
MLS Listing,,Condo/Co-op,11 Colonial Club Dr #304,Boynton Beach,FL,33435,269900,2,2.0,Colonial Club Condo,1200,,1973,107,225,796,Active,,,https://www.redfin.com/FL/Boynton-Beach/11-Colonial-Club-Dr-33435/unit-304/home/42348201,Beaches MLS,RX-10887709,N,Y,26.5020772,-80.0592987
MLS Listing,,Condo/Co-op,6770 Indian Creek Dr Unit 5A,Miami Beach,FL,33141,318000,1,1.5,AQUASOL CONDO,910,,1968,108,349,697,Active,,,https://www.redfin.com/FL/Miami-Beach/6770-Indian-Creek-Dr-33141/unit-5A/home/43293335,MARMLS,A11379345,N,Y,25.8515759,-80.1226631
MLS Listing,,Condo/Co-op,1030 Us Highway 1 #309,North Palm Beach,FL,33408,389000,2,2.0,Marina Bay Condo,1369,,1981,114,284,725,Active,,,https://www.redfin.com/FL/North-Palm-Beach/1030-US-Highway-1-33408/unit-309/home/42475959,Beaches MLS,RX-10885630,N,Y,26.829658,-80.059959
MLS Listing,,Condo/Co-op,1009 N Ocean Blvd #306,Pompano Beach,FL,33062,385000,2,2.0,Tradewinds OF Pompano Condo,947,,1974,126,407,600,Active,,,https://www.redfin.com/FL/Pompano-Beach/1009-N-Ocean-Blvd-33062/unit-306/home/41526181,Beaches MLS,RX-10882244,N,Y,26.2470423,-80.0874082
MLS Listing,,Condo/Co-op,1455 Ocean Dr #610,Miami Beach,FL,33139,1999000,2,2.5,IL VILLAGGIO ON SOUTH BEA,1450,,1998,223,1379,2272,Active,,,https://www.redfin.com/FL/Miami-Beach/1455-Ocean-Dr-33139/unit-610/home/42800981,MARMLS,A11320135,N,Y,25.7873417,-80.129359
MLS Listing,,Condo/Co-op,250 NW 107th Ave #204,Miami,FL,33172,310000,2,2.0,LAGUNA CLUB EAST CONDO,1114,,1974,1,278,230,Active,,,https://www.redfin.com/FL/Miami/250-NW-107th-Ave-33172/unit-204/home/43058543,MARMLS,A11321976,N,Y,25.7717781,-80.3695817
MLS Listing,,Vacant Land,0 NW 2nd St,Live Oak,FL,32064,12000,,,,,18295,,6,,,Active,,,https://www.redfin.com/FL/Unknown/Nw-2nd-St-Unknown/home/160825277,CPARMLS,745229,N,Y,26.00869,-80.428373
MLS Listing,,Condo/Co-op,3912 NE 22nd Ave Unit 8B,Fort Lauderdale,FL,33308,174000,1,1.0,,600,,1960,27,290,400,Active,,,https://www.redfin.com/FL/Fort-Lauderdale/3912-NE-22nd-Ave-33308/unit-B8/home/41668976,CPARMLS,744321,N,Y,26.1769875,-80.1173627
MLS Listing,,Multi-Family (2-4 Unit),3093 Saranac Ave,West Palm Beach,FL,33409,520000,4,2.0,West Gate Estates Northern,1768,9066,1974,1,294,,Active,,,https://www.redfin.com/FL/West-Palm-Beach/3093-Saranac-Ave-33409/home/42288383,Beaches MLS,RX-10913282,N,Y,26.7000694,-80.088169
MLS Listing,,Condo/Co-op,1625 Kennedy Cswy Ph 106,North Bay Village,FL,33141,419000,1,1.0,BAYVIEW CONDO AT NORTH BA,932,,2003,1,450,558,Active,,,https://www.redfin.com/FL/North-Bay-Village/1625-Kennedy-Cswy-33141/unit-106/home/43308400,MARMLS,A11436882,N,Y,25.849151,-80.151648
MLS Listing,,Multi-Family (2-4 Unit),1361 NE 145th St,Miami,FL,33161,559900,,,Alexs Estates,2037,,1969,1,275,,Active,,,https://www.redfin.com/FL/Miami/1361-NE-145th-St-33161/home/43011650,Beaches MLS,F10395767,N,Y,25.9093505,-80.1721478
MLS Listing,,Condo/Co-op,3475 N Country Club Dr #514,Aventura,FL,33180,249000,1,1.0,ENSENADA CONDO BLDG E-II,741,,1971,1,336,454,Active,,,https://www.redfin.com/FL/Aventura/3475-N-Country-Club-Dr-33180/unit-514/home/42934694,MARMLS,A11439263,N,Y,25.9667675,-80.1307113
MLS Listing,,Condo/Co-op,121 NE 34 #1415,Miami,FL,33137,482500,1,1.5,3401 MIDTOWN CONDO,,,2018,1,,810,Active,,,https://www.redfin.com/FL/Miami/121-NE-34th-St-33137/unit-1415/home/79132004,MARMLS,A11439264,N,Y,25.8085388,-80.1922359
MLS Listing,,Single Family Residential,,Hialeah,FL,33018,547000,3,2.5,,1592,2358,2014,1,344,200,Active,,,https://www.redfin.com/FL/Hialeah/Undisclosed-address-33018/home/56399075,MARMLS,A11439235,N,Y,25.9046601,-80.3515745
MLS Listing,,Condo/Co-op,1401 NE Miami Gardens Dr #389,Miami,FL,33179,246000,2,1.0,FIFITH MOORINGS CONDO,1067,,1969,1,231,700,Active,,,https://www.redfin.com/FL/Miami/1401-NE-Miami-Gardens-Dr-33179/unit-389/home/43007533,MARMLS,A11439260,N,Y,25.9454266,-80.1726409
MLS Listing,,Single Family Residential,898 NW 7th St,Boca Raton,FL,33486,1020000,3,2.0,Tunison Palms Sec 02,7389,7389,1968,1,138,,Active,,,https://www.redfin.com/FL/Boca-Raton/898-NW-7th-St-33486/home/42318662,Beaches MLS,F10396251,N,Y,26.3569328,-80.1042671
MLS Listing,,Single Family Residential,1201 F Rd,Loxahatchee,FL,33470,2285000,5,5.5,Loxahatchee Groves,4196,217800,2000,1,545,,Active,,,https://www.redfin.com/FL/Loxahatchee/1201-F-Rd-33470/home/184868449,Beaches MLS,RX-10913278,N,Y,26.6951384,-80.2593349
MLS Listing,,Condo/Co-op,5601 Collins Ave #504,Miami Beach,FL,33140,785000,1,1.5,THE PAVILION CONDO,930,,1968,1,844,849,Active,,,https://www.redfin.com/FL/Miami-Beach/5601-Collins-Ave-33140/unit-504/home/42779234,MARMLS,A11439255,N,Y,25.8368872,-80.1203134
MLS Listing,,Single Family Residential,13501 Carrick Green Ct,Delray Beach,FL,33446,679000,3,2.0,POLO TRACE 2 1,2012,5500,1998,1,337,575,Active,,,https://www.redfin.com/FL/Delray-Beach/13501-Carrick-Green-Ct-33446/home/42212355,MARMLS,A11439113,N,Y,26.4769062,-80.1641921
MLS Listing,,Single Family Residential,1019 Grand Ct,Highland Beach,FL,33487,4799999,6,6.0,Grand Cay Estates,5980,13943,1999,1,803,308,Active,August-26-2023 12:00 PM,August-26-2023 02:00 PM,https://www.redfin.com/FL/Highland-Beach/1019-Grand-Ct-33487/home/42392307,Beaches MLS,RX-10913275,N,Y,26.3943113,-80.0676778
MLS Listing,,Single Family Residential,2621 W Abiaca Cir,Davie,FL,33328,949900,4,2.0,FOREST RIDGE SINGLE FAMIL,2887,9525,1998,1,329,320,Active,,,https://www.redfin.com/FL/Davie/2621-W-Abiaca-Cir-33328/home/41775176,MARMLS,A11439251,N,Y,26.0891998,-80.2810682
MLS Listing,,Single Family Residential,1213 La Mancha Ave,Coral Gables,FL,33134,1190000,3,3.0,CORAL GABLES GRANADA SEC,1339,5000,1925,1,889,,Pre On-Market,,,https://www.redfin.com/FL/Coral-Gables/1213-La-Mancha-Ave-33134/home/42807594,MARMLS,A11439024,N,Y,25.7619727,-80.2797741
MLS Listing,,Single Family Residential,9775 Savona Winds Dr,Delray Beach,FL,33446,849000,4,2.5,Saturnia Isles,2767,8151,2003,1,307,388,Active,,,https://www.redfin.com/FL/Delray-Beach/9775-Savona-Winds-Dr-33446/home/42570028,Beaches MLS,RX-10913274,N,Y,26.4426279,-80.2017594
MLS Listing,,Condo/Co-op,44 Piedmont A,Delray Beach,FL,33484,262000,2,2.0,Kings Point,1023,,1980,1,256,539,Active,,,https://www.redfin.com/FL/Delray-Beach/44-Piedmont-a-33484/home/42229103,Beaches MLS,RX-10909598,N,Y,26.4442891,-80.1433768
MLS Listing,,Condo/Co-op,6432 Aspen Glen Cir,Boynton Beach,FL,33437,339000,2,2.0,Indian Springs - Aspen Glen Condo,1608,,1985,1,211,695,Active,,,https://www.redfin.com/FL/Boynton-Beach/6432-Aspen-Glen-Cir-33437/home/42204853,Beaches MLS,RX-10912853,N,Y,26.511396,-80.144239
MLS Listing,,Condo/Co-op,155 E Boca Raton Rd #313,Boca Raton,FL,33432,975000,2,2.0,Tower 155,1151,,2020,1,847,1342,Active,,,https://www.redfin.com/FL/Boca-Raton/155-E-Boca-Raton-Rd-33432/unit-313/home/178023324,Beaches MLS,RX-10910202,N,Y,26.3516359,-80.0844376
MLS Listing,,Condo/Co-op,21175 Clubside Dr Unit C,Boca Raton,FL,33434,750000,3,2.5,Clubside,2483,,1989,1,302,1318,Active,,,https://www.redfin.com/FL/Boca-Raton/21175-Clubside-Dr-33434/unit-C/home/42256192,Beaches MLS,RX-10911779,N,Y,26.379116,-80.1544374
MLS Listing,,Single Family Residential,1191 SW 16th St,Boca Raton,FL,33486,1130000,4,2.5,Palm Beach Farms CO 10,2216,11250,1955,1,510,,Active,,,https://www.redfin.com/FL/Boca-Raton/1191-SW-16th-St-33486/home/42315146,Beaches MLS,RX-10912290,N,Y,26.334064,-80.1100114
MLS Listing,,Single Family Residential,200 NE 22nd St,Wilton Manors,FL,33305,2599000,4,3.5,Wilton Manors / Petite,3375,6249,2020,1,770,,Active,,,https://www.redfin.com/FL/Wilton-Manors/200-NE-22nd-St-33305/home/41675081,Beaches MLS,RX-10912941,N,Y,26.1557153,-80.1430764
MLS Listing,,Single Family Residential,6176 Willoughby Cir,Lake Worth,FL,33463,579900,4,2.5,Willoughby Farms,2145,4953,2001,1,270,171,Active,,,https://www.redfin.com/FL/Lake-Worth/6176-Willoughby-Cir-33463/home/42540531,Beaches MLS,RX-10913219,N,Y,26.5856868,-80.1186011
MLS Listing,,Condo/Co-op,2000 Springdale Blvd #309,Palm Springs,FL,33461,150000,1,1.0,Village Green 4 Condo,690,,1985,1,217,270,Active,,,https://www.redfin.com/FL/Palm-Springs/2000-Springdale-Blvd-33461/unit-309/home/42483492,Beaches MLS,RX-10913091,N,Y,26.6455125,-80.1020771
MLS Listing,,Townhouse,555 Banyan Tree Ln #11,Delray Beach,FL,33483,975000,3,3.0,Banyan Tree Village Condo,1600,,1979,1,609,700,Active,,,https://www.redfin.com/FL/Delray-Beach/555-Banyan-Tree-Ln-33483/unit-11/home/42369550,Beaches MLS,RX-10910767,N,Y,26.4421794,-80.0686186
MLS Listing,,Condo/Co-op,801 S Olive Ave #202,West Palm Beach,FL,33401,560000,1,1.5,One City Plaza Condo,1172,,2006,1,478,911,Active,,,https://www.redfin.com/FL/West-Palm-Beach/801-S-Olive-Ave-33401/unit-202/home/42613333,Beaches MLS,RX-10912897,N,Y,26.70582,-80.0524882
MLS Listing,,Single Family Residential,124 Viera Dr,Palm Beach Gardens,FL,33418,1999000,3,3.5,Mirasol Riviera,3270,8214,2006,1,611,940,Active,,,https://www.redfin.com/FL/Palm-Beach-Gardens/124-Viera-Dr-33418/home/42653417,Beaches MLS,RX-10912710,N,Y,26.8478384,-80.1400046
MLS Listing,,Condo/Co-op,33 Crossings Cir Unit F,Boynton Beach,FL,33435,150000,2,2.0,Crossings OF Boynton Beach Condo,953,,1984,1,157,380,Active,,,https://www.redfin.com/FL/Boynton-Beach/33-Crossings-Cir-33435/unit-F/home/42335846,Beaches MLS,RX-10913110,N,Y,26.5515471,-80.0582291
MLS Listing,,Single Family Residential,3139 Emerson Ave,Palm Springs,FL,33461,398000,3,1.0,Congress Park Add 2,988,8625,1957,1,403,,Active,,,https://www.redfin.com/FL/Palm-Springs/3139-Emerson-Ave-33461/home/42286031,Beaches MLS,RX-10913028,N,Y,26.6355172,-80.0907031
MLS Listing,,Single Family Residential,6768 Las Colinas St,Lake Worth,FL,33463,700000,4,2.0,Winston Trails Par 6,1953,7150,1996,1,358,234,Active,,,https://www.redfin.com/FL/Lake-Worth/6768-Las-Colinas-St-33463/home/42628018,Beaches MLS,RX-10912960,N,Y,26.5858096,-80.1368613
MLS Listing,,Condo/Co-op,12731 SW 49th Ct #12731,Miramar,FL,33027,480000,3,2.5,Bellagio At Vizcaya,1600,,2003,1,300,188,Pre On-Market,,,https://www.redfin.com/FL/Miramar/12731-SW-49th-Ct-33027/unit-12731/home/104343072,Beaches MLS,F10396247,N,Y,25.9636256,-80.3145645
MLS Listing,,Condo/Co-op,111 NW 2nd Ave Bldg 6,Hallandale Beach,FL,33009,339000,2,2.5,HIGHLAND PARK VILLAGE CON,1111,,2011,1,305,342,Active,,,https://www.redfin.com/FL/Hallandale-Beach/111-Nw-2nd-Ave-33009/unit-6/home/42076637,MARMLS,A11439093,N,Y,25.987234,-80.150581
MLS Listing,,Single Family Residential,2576 San Andros,West Palm Beach,FL,33411,649000,5,3.5,Andros Isle Par D-1,2854,5477,2000,1,227,316,Active,,,https://www.redfin.com/FL/Royal-Palm-Beach/2576-San-Andros-33411/home/42505612,Beaches MLS,RX-10913269,N,Y,26.7170274,-80.1771377
MLS Listing,,Condo/Co-op,15551 SW 104th Ter #8211,Miami,FL,33196,250000,1,1.0,BISCAYNE BEACH CLUB CONDO,588,,1989,1,425,270,Active,,,https://www.redfin.com/FL/Miami/15551-SW-104th-Ter-33196/unit-8211/home/43382139,MARMLS,A11427570,N,Y,25.6688832,-80.4478632
MLS Listing,,Single Family Residential,9207 Chianti Ct,Boynton Beach,FL,33472,830000,4,3.0,RAINBOW LAKES TR A - ONE,3257,8050,1994,1,255,97,Active,,,https://www.redfin.com/FL/Boynton-Beach/9207-Chianti-Ct-33472/home/42196349,MARMLS,A11434875,N,Y,26.539905,-80.1347896
MLS Listing,,Single Family Residential,6423 NW 110th Ave,Parkland,FL,33076,799999,4,3.0,Parkland Isles 164-42 B,2136,6629,2000,1,375,317,Active,,,https://www.redfin.com/FL/Parkland/6423-NW-110th-Ave-33076/home/41403593,Beaches MLS,F10393188,N,Y,26.3100129,-80.2745773
MLS Listing,,Single Family Residential,2206 Seagrape Cir,Coconut Creek,FL,33066,449999,2,2.0,Tartan Coconut Creek Ph 1,1522,7240,1981,1,296,257,Active,,,https://www.redfin.com/FL/Coconut-Creek/2206-Seagrape-Cir-33066/home/41492789,Beaches MLS,F10394414,N,Y,26.2580785,-80.1781995
MLS Listing,,Single Family Residential,1180 Bay Dr,Miami Beach,FL,33141,6500000,4,3.0,Ocean Side Sec Isle Norma,2438,13950,1956,1,2666,,Active,,,https://www.redfin.com/FL/Miami-Beach/1180-Bay-Dr-33141/home/42770955,Beaches MLS,F10395326,N,Y,25.8524854,-80.1309319
MLS Listing,,Condo/Co-op,8701 SW 12 St #24,Miami,FL,33174,275000,2,1.5,WESTCHESTER TERRACE CONDO,,,1971,1,,270,Active,,,https://www.redfin.com/FL/Miami/8701-SW-12th-St-33174/unit-24/home/43058329,MARMLS,A11412949,N,Y,25.7588809,-80.3367995
MLS Listing,,Single Family Residential,16302 SW 30th St,Miramar,FL,33027,799500,4,4.0,NORTH 29 ASSOC,2707,8965,2002,1,295,256,Active,,,https://www.redfin.com/FL/Miramar/16302-SW-30th-St-33027/home/42004603,MARMLS,A11439180,N,Y,25.9810954,-80.3620472
MLS Listing,,Single Family Residential,12601 Copper Mountain Pass,Boynton Beach,FL,33473,1250000,3,3.0,Valenciacoveagrpudsouthpl 3,2309,14279,2017,1,541,707,Active,,,https://www.redfin.com/FL/Boynton-Beach/12601-Copper-Mountain-Pass-33473/home/144740451,Beaches MLS,RX-10913266,N,Y,26.4891103,-80.1813347
MLS Listing,,Single Family Residential,13275 NW 3rd Ln,Miami,FL,33182,525000,3,2.0,SUPERIOR HOMES SEC 2,1204,4500,1983,1,436,,Active,,,https://www.redfin.com/FL/Miami/13275-NW-3rd-Ln-33182/home/43097932,MARMLS,A11439000,N,Y,25.7709555,-80.4111518
MLS Listing,,Single Family Residential,5317 NE 19th Ter,Pompano Beach,FL,33064,375000,2,1.0,Pompano Beach Highlands 2nd Sec,828,7500,1955,1,453,,Active,,,https://www.redfin.com/FL/Pompano-Beach/5317-NE-19th-Ter-33064/home/41509074,Beaches MLS,RX-10913261,N,Y,26.2962508,-80.0975542
MLS Listing,,Single Family Residential,11350 SW 244th Ter,Homestead,FL,33032,425000,4,2.0,MANGUS SUB SEC 2,1553,6027,2003,1,274,,Active,,,https://www.redfin.com/FL/Homestead/11350-SW-244th-Ter-33032/home/43283227,MARMLS,A11439234,N,Y,25.5402112,-80.3756298
MLS Listing,,Townhouse,8025 NW 29th St,Sunrise,FL,33322,389900,3,2.5,Fairways Of Sunrise,1281,,1986,1,304,254,Active,,,https://www.redfin.com/FL/Sunrise/8025-NW-29th-St-33322/home/41604586,Beaches MLS,F10396237,N,Y,26.160978,-80.251655
MLS Listing,,Condo/Co-op,21211 Lago Cir Unit 11-B,Boca Raton,FL,33433,322000,2,2.0,Fairways OF Boca Lago Condo,1336,,1978,1,241,560,Active,,,https://www.redfin.com/FL/Boca-Raton/21211-Lago-Cir-33433/unit-11-B/home/104348286,Beaches MLS,RX-10913257,N,Y,26.3592334,-80.1756927
MLS Listing,,Townhouse,7604 Lexington Club Blvd Unit A,Delray Beach,FL,33446,510000,3,2.0,Lexington Club,1657,3222,1989,1,308,755,Active,,,https://www.redfin.com/FL/Delray-Beach/7604-Lexington-Club-Blvd-33446/unit-A/home/42226660,Beaches MLS,RX-10913256,N,Y,26.4491148,-80.1658598
MLS Listing,,Single Family Residential,164 NE 30th St,Wilton Manors,FL,33334,800000,3,2.0,Almar Estates Resub 32-36,1590,6498,1960,1,503,,Pre On-Market,,,https://www.redfin.com/FL/Wilton-Manors/164-NE-30th-St-33334/home/41676245,Beaches MLS,F10396217,N,Y,26.1648684,-80.1436652
MLS Listing,,Single Family Residential,1812 NW 15th Ct,Fort Lauderdale,FL,33311,465000,3,2.0,LAUDERDALE MANORS AMD PLA,1116,10128,1954,1,417,,Pre On-Market,,,https://www.redfin.com/FL/Fort-Lauderdale/1812-NW-15th-Ct-33311/home/41686127,MARMLS,A11439224,N,Y,26.1454488,-80.166864
MLS Listing,,Townhouse,16008 NW 91st Ct,Miami Lakes,FL,33018,589000,3,2.5,DUNNWOODY LAKE,1743,,2018,1,338,215,Active,,,https://www.redfin.com/FL/Hialeah/16008-NW-91st-Ct-33018/home/145577190,MARMLS,A11439217,N,Y,25.919332,-80.34918
MLS Listing,,Single Family Residential,4826 Sunkist Way,Cooper City,FL,33330,1520000,5,3.5,HIBBS GROVE PLANTATION,3876,24000,2003,1,392,427,Active,,,https://www.redfin.com/FL/Cooper-City/4826-Sunkist-Way-33330/home/42003044,MARMLS,A11439210,N,Y,26.06078,-80.3016801
MLS Listing,,Townhouse,89 Deer Crk Unit K111,Deerfield Beach,FL,33442,350000,2,2.0,Deer Creek Racquet Club,,,1978,1,,465,Active,,,https://www.redfin.com/FL/Deerfield-Beach/89-Deer-Creek-Rd-33442/unit-K111/home/104423155,Beaches MLS,F10396234,N,Y,26.3184924,-80.1456865
MLS Listing,,Condo/Co-op,109 Wellington E,West Palm Beach,FL,33417,262500,2,2.0,Century Village -wellington Condos,1062,,1971,1,247,545,Active,,,https://www.redfin.com/FL/West-Palm-Beach/109-Wellington-E-33417/home/42156823,Beaches MLS,RX-10913252,N,Y,26.7102106,-80.129903
MLS Listing,,Townhouse,2521 Juniper Dr Unit A,Delray Beach,FL,33445,235000,2,2.0,Pines OF Delray,1327,,1976,1,177,469,Active,,,https://www.redfin.com/FL/Delray-Beach/2521-Juniper-Dr-33445/unit-A/home/162584374,Beaches MLS,RX-10913253,N,Y,26.442954,-80.099403
MLS Listing,,Condo/Co-op,11 Lexington Ln E Unit D,Palm Beach Gardens,FL,33418,465000,2,2.0,Lexington Green Condo,1400,,1984,1,332,422,Active,,,https://www.redfin.com/FL/Palm-Beach-Gardens/11-Lexington-Ln-E-33418/unit-D/home/42453403,Beaches MLS,RX-10913251,N,Y,26.8143823,-80.1371872
MLS Listing,,Condo/Co-op,,Aventura,FL,33160,249000,1,1.5,,873,,1971,1,285,768,Active,,,https://www.redfin.com/FL/Aventura/Undisclosed-address-33160/home/42943540,MARMLS,A11438924,N,Y,25.9439079,-80.1451445
MLS Listing,,Condo/Co-op,9330 Lime Bay Blvd #109,Tamarac,FL,33321,85000,1,1.5,Lime Bay Condominium 8,750,,1974,1,113,394,Active,,,https://www.redfin.com/FL/Tamarac/9330-Lime-Bay-Blvd-33321/unit-109/home/41555511,Beaches MLS,F10396171,N,Y,26.2057032,-80.2767268
MLS Listing,,Single Family Residential,13068 NW 9th Ter,Miami,FL,33182,799000,4,3.5,SHOMA HOMES AT TAMIAMI IV,2563,5915,1998,1,312,,Active,,,https://www.redfin.com/FL/Miami/13068-NW-9th-Ter-33182/home/43048127,MARMLS,A11437204,N,Y,25.7785535,-80.4068741
MLS Listing,,Condo/Co-op,121 NE 34th St #2315,Miami,FL,33137,490000,1,1.5,3401 MIDTOWN CONDO,621,,2018,1,789,712,Active,,,https://www.redfin.com/FL/Miami/121-NE-34th-St-33137/unit-2315/home/79131988,MARMLS,A11431728,N,Y,25.8085388,-80.1922359
MLS Listing,,Single Family Residential,15112 SW 141st Pl,Miami,FL,33186,529900,3,2.0,COUNTRY WALK SEC 2,1249,4400,1980,1,424,214,Active,,,https://www.redfin.com/FL/Miami/15112-SW-141st-Pl-33186/home/43199872,MARMLS,A11439211,N,Y,25.6267443,-80.4224036
MLS Listing,,Single Family Residential,250 NW 112th Ter,Miami Shores,FL,33168,1050000,3,2.0,NEW MIAMI SHORES ESTATES,1319,7500,1955,1,796,,Active,,,https://www.redfin.com/FL/Miami-Shores/250-NW-112th-Ter-33168/home/42897944,MARMLS,A11438851,N,Y,25.8779807,-80.2032194
MLS Listing,,Single Family Residential,1990 NE 35th St,Lighthouse Point,FL,33064,699000,3,2.0,LIGHTHOUSE POINT EXT,1539,7500,1958,1,454,,Active,,,https://www.redfin.com/FL/Lighthouse-Point/1990-NE-35th-St-33064/home/41523617,MARMLS,A11439202,N,Y,26.2739591,-80.0960269
MLS Listing,,Condo/Co-op,2350 NE 14th Street Cswy #315,Pompano Beach,FL,33062,319000,2,2.0,Garden Aire Village,1080,,1969,1,295,428,Active,,,https://www.redfin.com/FL/Pompano-Beach/2350-NE-14th-Street-Cswy-33062/unit-315/home/41522229,Beaches MLS,F10396220,N,Y,26.2497751,-80.0991918
MLS Listing,,Townhouse,"2936 Kirk Rd, Rd",Lake Worth,FL,33461,342000,3,2.5,Kirkwood,1586,,1980,1,216,345,Active,,,https://www.redfin.com/FL/Lake-Worth-Beach/2936-Kirk-Rd-33461/home/42286469,Beaches MLS,RX-10913241,N,Y,26.633792,-80.103905
MLS Listing,,Single Family Residential,11355 NW 57th Ln,Doral,FL,33178,510000,4,3.5,DORAL NORTHEAST TOWNHOMES,1808,1474,2001,1,282,180,Active,,,https://www.redfin.com/FL/Doral/11355-NW-57th-Ln-33178/home/43023824,MARMLS,A11439154,N,Y,25.8257991,-80.3811711
MLS Listing,,Condo/Co-op,17975 Collins Ave #1202,Sunny Isles Beach,FL,33160,11200000,4,5.5,Estates at Acqualina,4385,,2023,1,2554,7820,Active,,,https://www.redfin.com/FL/Sunny-Isles-Beach/17975-Collins-Ave-33160/unit-1202/home/183056573,MARMLS,A11439174,N,Y,25.9429683,-80.121132
MLS Listing,,Single Family Residential,4785 San Fratello Cir,,FL,33467,800000,3,2.0,Fields At Gulfstream Polo,1758,5188,2019,1,455,269,Active,,,https://www.redfin.com/FL/Lake-Worth/4785-San-Fratello-Cir-33467/home/171454336,Beaches MLS,F10396188,N,Y,26.6084179,-80.1781123
MLS Listing,,Condo/Co-op,5099 Splendido Ct Unit V,Boynton Beach,FL,33437,277500,3,2.0,"Excellente Village A,b,c,d,f, & G Condo",1333,,1993,1,208,749,Active,,,https://www.redfin.com/FL/Boynton-Beach/5099-Splendido-Ct-33437/unit-V/home/42200820,Beaches MLS,RX-10913238,N,Y,26.5325791,-80.1258476
MLS Listing,,Condo/Co-op,1204 Renaissance Way,Boynton Beach,FL,33426,324900,2,2.0,San Raphael Condo,1164,,2006,1,279,597,Active,,,https://www.redfin.com/FL/Boynton-Beach/1204-Renaissance-Way-33426/home/186926571,Beaches MLS,RX-10913236,N,Y,26.5417461,-80.0894686
MLS Listing,,Townhouse,5220 Gate Lake Rd #5220,Tamarac,FL,33319,355000,3,2.5,The Villas At The Gate,2040,,1981,1,174,463,Active,,,https://www.redfin.com/FL/Tamarac/5220-Gate-Lake-Rd-33319/unit-5220/home/41565022,Beaches MLS,F10396213,N,Y,26.198012,-80.2203092
MLS Listing,,Condo/Co-op,4344 NW 9th Ave Unit 11-3A,Deerfield Beach,FL,33064,215000,2,2.0,Heritage Circle,1040,,1987,1,207,450,Active,,,https://www.redfin.com/FL/Deerfield-Beach/4344-NW-9th-Ave-33064/unit-11-3A/home/41481550,Beaches MLS,F10394114,N,Y,26.283701,-80.134083
MLS Listing,,Single Family Residential,20795 SW 129 Ct,Miami,FL,33177,675000,4,2.0,MED SOUTH,1914,8097,2001,1,353,,Active,,,https://www.redfin.com/FL/Miami/20795-SW-129th-Ct-33177/home/43224161,MARMLS,A11438446,N,Y,25.5736475,-80.4016615
MLS Listing,,Single Family Residential,1831 N 56th Ave,Hollywood,FL,33021,839900,4,2.0,Hollywood Hills Amen Plat,1678,9350,1969,1,501,,Active,,,https://www.redfin.com/FL/Hollywood/1831-N-56th-Ave-33021/home/41925090,Beaches MLS,RX-10913232,N,Y,26.0266198,-80.1998608
MLS Listing,,Single Family Residential,2313 NW 59th St,Boca Raton,FL,33496,6850000,7,9.5,Bermuda Run Arvida Country Club,9914,40075,1988,1,691,1946,Active,,,https://www.redfin.com/FL/Boca-Raton/2313-NW-59th-St-33496/home/42300168,Beaches MLS,RX-10908158,N,Y,26.4016652,-80.1304527
MLS Listing,,Condo/Co-op,7350 SW 89th St Unit 711S,Miami,FL,33156,319900,1,1.0,TOSCANO CONDO,759,,2007,1,421,732,Active,,,https://www.redfin.com/FL/Miami/7350-SW-89th-St-33156/unit-711S/home/43373858,MARMLS,A11439189,N,Y,25.687519,-80.314608
MLS Listing,,Single Family Residential,2415 NW 26th Ave,Fort Lauderdale,FL,33311,380000,3,2.0,NORTHWEST LAUDERDALE 2 AD,1160,7187,1978,1,328,,Pre On-Market,,,https://www.redfin.com/FL/Fort-Lauderdale/2415-NW-26th-Ave-33311/home/41679152,MARMLS,A11439181,N,Y,26.1563102,-80.1773712
MLS Listing,,Condo/Co-op,90 S South Blvd Unit 2b,Boynton Beach,FL,33435,159900,1,1.0,High Point West Condo,754,,1966,1,212,325,Active,,,https://www.redfin.com/FL/Boynton-Beach/90-South-Blvd-33435/unit-2B/home/42356362,Beaches MLS,RX-10913229,N,Y,26.512104,-80.065071
MLS Listing,,Single Family Residential,1181 SW 109th Ln,Davie,FL,33324,560000,4,2.5,SCARBOROUGH II,1895,3473,1989,1,296,99,Active,,,https://www.redfin.com/FL/Davie/1181-SW-109th-Ln-33324/home/41755634,MARMLS,A11438765,N,Y,26.1051725,-80.2926544
MLS Listing,,Single Family Residential,9205 NW 43rd Ct,Coral Springs,FL,33065,735000,3,2.0,Royal Land Amended,1832,8625,1992,1,401,53,Pre On-Market,,,https://www.redfin.com/FL/Coral-Springs/9205-NW-43rd-Ct-33065/home/41416370,Beaches MLS,RX-10913228,N,Y,26.2839962,-80.24862
MLS Listing,,Single Family Residential,924 NE 4th St,Hallandale Beach,FL,33009,789000,3,2.0,GULFSTREAM ESTATES,,7228,1955,1,,,Active,,,https://www.redfin.com/FL/Hallandale-Beach/924-NE-4th-St-33009/home/41952310,MARMLS,A11438807,N,Y,25.9899824,-80.1386496
MLS Listing,,Multi-Family (2-4 Unit),4103 Riverside Dr,Coral Springs,FL,33065,1625000,,,CORAL SPRINGS SUB NO 1,3632,,1973,1,447,,Active,,,https://www.redfin.com/FL/Coral-Springs/4103-Riverside-Dr-33065/home/185862785,MARMLS,A11439176,N,Y,26.2805413,-80.2331334
MLS Listing,,Vacant Land,360 Harbor Island Dr,North Bay Village,FL,33141,2100,,,360 MARINA CONDO,,43560000,,1,,,Active,,,https://www.redfin.com/FL/North-Bay-Village/360-Harbor-Island-Dr-33141/home/179892754,MARMLS,A11439175,N,Y,25.8485669,-80.1586215
MLS Listing,,Condo/Co-op,1501 SW 134th Way Unit 213 D,Pembroke Pines,FL,33027,278000,2,2.0,Ivanhoe,1192,,1987,1,233,547,Active,,,https://www.redfin.com/FL/Pembroke-Pines/1501-SW-134th-Way-33027/unit-213D/home/41850158,Beaches MLS,F10395113,N,Y,25.9943112,-80.3257798
MLS Listing,,Single Family Residential,11455 Watercrest Cir E,Parkland,FL,33076,1124900,4,3.5,Watercrest,2940,7301,2016,1,383,431,Pre On-Market,August-26-2023 12:00 PM,August-26-2023 03:00 PM,https://www.redfin.com/FL/Parkland/11455-Watercrest-Cir-E-33076/home/56677376,Beaches MLS,F10396204,N,Y,26.345402,-80.2813266
MLS Listing,,Townhouse,167 Euphrates Cir NW,Palm Beach Gardens,FL,33410,639500,2,2.0,Isles AT Palm Beach Gardens,1678,4700,2001,1,381,469,Active,,,https://www.redfin.com/FL/Palm-Beach-Gardens/167-Euphrates-Cir-33410/home/42557408,Beaches MLS,RX-10913227,N,Y,26.8610729,-80.1009451
MLS Listing,,Townhouse,516 NW 43rd Pl #516,Deerfield Beach,FL,33064,280000,1,1.0,Pompano Lakes,638,,1981,1,439,40,Active,,,https://www.redfin.com/FL/Pompano-Beach/516-NW-43rd-Pl-33064/unit-516/home/185402992,Beaches MLS,F10396222,N,Y,26.2856277,-80.130541
MLS Listing,,Condo/Co-op,6301 Collins Ave #807,Miami Beach,FL,33141,950000,2,2.0,LA GORCE PALACE CONDO,1340,,1995,1,709,1200,Active,,,https://www.redfin.com/FL/Miami-Beach/6301-Collins-Ave-33141/unit-807/home/42778376,MARMLS,A11439171,N,Y,25.8445198,-80.1197839
MLS Listing,,Condo/Co-op,7207 Bay Dr #22,Miami Beach,FL,33141,379950,1,1.0,ISLAND POINT SOUTH CONDO,823,,1949,1,462,502,Active,August-26-2023 12:00 AM,August-26-2023 11:59 PM,https://www.redfin.com/FL/Miami-Beach/7207-Bay-Dr-33141/unit-22/home/43341552,MARMLS,A11438869,N,Y,25.857284,-80.128519
MLS Listing,,Single Family Residential,529 Bontona Ave,Fort Lauderdale,FL,33301,32000000,6,9.5,Venice Resub Of Blks 5 &,12930,37021,2015,1,2475,,Active,,,https://www.redfin.com/FL/Fort-Lauderdale/529-Bontona-Ave-33301/home/41797820,Beaches MLS,F10396108,N,Y,26.1154214,-80.1230994
MLS Listing,,Single Family Residential,641 NE 59th St,Oakland Park,FL,33334,409000,3,1.0,Collier Estates 2nd Add 4,964,6714,1958,1,424,,Active,,,https://www.redfin.com/FL/Oakland-Park/641-NE-59th-St-33334/home/41647496,Beaches MLS,F10396221,N,Y,26.200482,-80.1380281
MLS Listing,,Townhouse,11760 SW 13th Ct #11760,Pembroke Pines,FL,33025,590000,3,3.5,PEMBROKE LAKES SOUTH,1955,,2019,1,302,293,Active,,,https://www.redfin.com/FL/Pembroke-Pines/11760-SW-13th-Ct-33025/unit-11760/home/186926403,MARMLS,A11439146,N,Y,25.9976266,-80.3038818
MLS Listing,,Townhouse,380 N Palm Villas Way,Palm Springs,FL,33461,349999,3,2.5,Villas OF Palm Springs Repl 1,1344,,2003,1,260,210,Active,,,https://www.redfin.com/FL/Palm-Springs/380-N-Palm-Villas-Way-33461/home/42554672,Beaches MLS,RX-10912574,N,Y,26.6472478,-80.1052926
MLS Listing,,Single Family Residential,4722 Saint Simon Dr,Coconut Creek,FL,33073,799900,4,2.5,Banyan Trails,2332,8105,2001,1,343,163,Pre On-Market,,,https://www.redfin.com/FL/Coconut-Creek/4722-Saint-Simon-Dr-33073/home/41994842,Beaches MLS,RX-10913222,N,Y,26.2904304,-80.1805536
MLS Listing,,Single Family Residential,1851 NE 34th Ct,Oakland Park,FL,33306,975000,3,2.0,Coral Woods 33-25 B,1692,7000,1956,1,576,,Pre On-Market,,,https://www.redfin.com/FL/Oakland-Park/1851-NE-34th-Ct-33306/home/41672532,Beaches MLS,F10395961,N,Y,26.1709765,-80.1215943
MLS Listing,,Condo/Co-op,2601 NE 14th Ave #507,Wilton Manors,FL,33334,649000,2,2.0,Wilton Station,1587,,2005,1,409,1285,Active,,,https://www.redfin.com/FL/Wilton-Manors/2601-NE-14th-Ave-33334/unit-507/home/42060427,Beaches MLS,F10396186,N,Y,26.1604119,-80.1303399
MLS Listing,,Condo/Co-op,17011 N Bay Rd #216,Sunny Isles Beach,FL,33160,335000,2,1.5,PLAZA OF AMERICAS CONDO,767,,1979,1,437,350,Active,,,https://www.redfin.com/FL/Sunny-Isles-Beach/17011-N-Bay-Rd-33160/unit-216/home/43469069,MARMLS,A11435362,N,Y,25.9321094,-80.1246997
MLS Listing,,Single Family Residential,1500 NE 183rd St,North Miami Beach,FL,33179,560000,2,2.0,FULFORD BY SEA SEC L,1030,6641,1956,1,544,,Active,,,https://www.redfin.com/FL/North-Miami-Beach/1500-NE-183rd-St-33179/home/42876578,MARMLS,A11439144,N,Y,25.9436696,-80.1705114
MLS Listing,,Multi-Family (2-4 Unit),821 NE 6th St,Hallandale Beach,FL,33009,699000,4,4.0,ATLANTIC SHORES DIXIE HIG,1293,,1954,1,541,,Active,,,https://www.redfin.com/FL/Hallandale-Beach/821-NE-6th-St-33009/home/179971026,MARMLS,A11438593,N,Y,25.9925496,-80.1397618
MLS Listing,,Single Family Residential,4820 SW 29th Ave,Fort Lauderdale,FL,33312,549999,3,2.0,Edgewater Manor 2 50-10 B,2289,10613,1959,1,240,,Active,,,https://www.redfin.com/FL/Fort-Lauderdale/4820-SW-29th-Ave-33312/home/41816481,Beaches MLS,F10396128,N,Y,26.0617421,-80.1797028
MLS Listing,,Condo/Co-op,1745 E Hallandale Beach Blvd Unit 2008W,Hallandale,FL,33009,429500,2,2.0,Duo Condominium West,1052,,2007,1,408,869,Active,,,https://www.redfin.com/FL/Hallandale-Beach/1745-E-Hallandale-Beach-Blvd-33009/unit-2008W/home/42073088,Beaches MLS,F10396134,N,Y,25.9879734,-80.1311245
MLS Listing,,Single Family Residential,611 Cypress Xing,Wellington,FL,33414,950000,4,4.0,Binks Forest OF The Landings AT Wellington 3,3495,12744,1996,1,272,92,Active,August-27-2023 01:00 PM,August-27-2023 04:00 PM,https://www.redfin.com/FL/Wellington/611-Cypress-Xing-33414/home/42494990,Beaches MLS,RX-10913209,N,Y,26.671688,-80.2955637
MLS Listing,,Condo/Co-op,2000 S Ocean Blvd Unit 8H,Lauderdale By The Sea,FL,33062,389000,1,2.0,Royal Coast Condo,1000,,1971,1,389,1082,Active,,,https://www.redfin.com/FL/Pompano-Beach/2000-S-Ocean-Blvd-33062/unit-8H/home/41702399,Beaches MLS,F10394071,N,Y,26.2052341,-80.0938764
MLS Listing,,Single Family Residential,714 SW 18th St,Boynton Beach,FL,33426,328000,2,2.0,Palm Beach Leisureville Sec 9,1428,4400,1973,1,230,167,Active,,,https://www.redfin.com/FL/Boynton-Beach/714-SW-18th-St-33426/home/42351000,Beaches MLS,RX-10913208,N,Y,26.5192098,-80.0831097
MLS Listing,,Single Family Residential,20571 SW 140th Ave,Miami,FL,33177,3400000,4,4.5,Redlands,4752,445313,2003,1,715,,Active,,,https://www.redfin.com/FL/Miami/20571-SW-140th-Ave-33177/home/186926278,MARMLS,A11439087,N,Y,25.5774771,-80.4189643
MLS Listing,,Single Family Residential,7394 W 30th Ct,Hialeah,FL,33018,529999,3,2.0,RIVIERA I SUB,1386,3395,1989,1,382,,Active,,,https://www.redfin.com/FL/Hialeah/7394-W-30th-Ct-33018/home/42822570,MARMLS,A11439125,N,Y,25.8895756,-80.3448847
MLS Listing,,Single Family Residential,900 NW 9th Way,Boca Raton,FL,33486,898000,4,2.0,Old Floresta,1520,14697,1974,1,591,,Pre On-Market,,,https://www.redfin.com/FL/Boca-Raton/900-NW-9th-Way-33486/home/42308523,MARMLS,A11438787,N,Y,26.3591581,-80.106281
MLS Listing,,Condo/Co-op,2930 Point East Dr Unit E403,Aventura,FL,33160,185000,1,1.0,POINT EAST ONE CONDO-BLDG,810,,1966,1,228,491,Active,,,https://www.redfin.com/FL/Aventura/2930-Point-East-Dr-33160/unit-E403/home/42946242,MARMLS,A11430926,N,Y,25.9401988,-80.1415936
MLS Listing,,Single Family Residential,3693 Lakewood Rd,Palm Springs,FL,33461,371000,2,1.0,Lakewood Gardens PL 1 IN,1301,11185,1955,1,285,,Active,,,https://www.redfin.com/FL/Lake-Worth-Beach/3693-Lakewood-Rd-33461/home/42284769,Beaches MLS,RX-10913207,N,Y,26.621839,-80.1002705
MLS Listing,,Condo/Co-op,6911 Environ Blvd Unit 4J,Lauderhill,FL,33319,249999,2,2.0,ENVIRON I CONDO 9,1160,,1973,1,216,769,Active,,,https://www.redfin.com/FL/Lauderhill/6911-Environ-Blvd-33319/unit-4J/home/41585319,MARMLS,A11439119,N,Y,26.17536,-80.2432649
MLS Listing,,Condo/Co-op,825 Brickell Bay Dr #1947,Miami,FL,33131,405000,2,2.0,FOUR AMBASSADORS CONDO PH,990,,1996,1,409,822,Active,,,https://www.redfin.com/FL/Miami/825-Brickell-Bay-Dr-33131/unit-1947/home/42769275,MARMLS,A11432633,N,Y,25.7651135,-80.18899
MLS Listing,,Single Family Residential,5959 La Gorce Dr,Miami Beach,FL,33140,5390000,5,5.0,BEACH VIEW ADDN,4394,8284,1934,1,1227,,Active,,,https://www.redfin.com/FL/Miami-Beach/5959-Lagorce-Dr-33140/home/42766775,MARMLS,A11435565,N,Y,25.8405176,-80.1251278
MLS Listing,,Single Family Residential,,Miramar,FL,33029,470000,3,2.5,,1680,4041,1994,1,280,195,Active,,,https://www.redfin.com/FL/Miramar/Undisclosed-address-33029/home/41861599,Beaches MLS,F10396202,N,Y,25.9893436,-80.3845811
MLS Listing,,Condo/Co-op,7020 Half Moon Cir #205,Hypoluxo,FL,33462,499900,3,2.0,Half Moon Bay Condo PH I And II,1547,,1981,1,323,908,Pre On-Market,,,https://www.redfin.com/FL/Hypoluxo/7020-Half-Moon-Cir-33462/unit-205/home/42389112,Beaches MLS,RX-10913206,N,Y,26.5730978,-80.0511517
MLS Listing,,Single Family Residential,9139 NW 21st St,Coral Springs,FL,33071,650000,1,1.0,Ramblewood,2069,9599,1988,1,314,,Pre On-Market,,,https://www.redfin.com/FL/Coral-Springs/9139-NW-21st-St-33071/home/41439744,Beaches MLS,RX-10913204,N,Y,26.2564996,-80.2478795
MLS Listing,,Condo/Co-op,111 Briny Ave #314,Pompano Beach,FL,33062,549000,2,2.0,POMPANO BEACH CLUB CONDO,1000,,1974,1,549,897,Active,,,https://www.redfin.com/FL/Pompano-Beach/111-Briny-Ave-33062/unit-314/home/41696641,MARMLS,A11437480,N,Y,26.2305308,-80.0901463
MLS Listing,,Single Family Residential,214 River Park Dr,Jupiter,FL,33477,1649000,3,2.0,River,1889,7401,1986,1,873,237,Active,,,https://www.redfin.com/FL/Jupiter/214-River-Park-Dr-33477/home/42405940,Beaches MLS,RX-10913202,N,Y,26.9002467,-80.0727217
MLS Listing,,Condo/Co-op,180 NE 12th Ave Unit 18C,Hallandale Beach,FL,33009,299500,2,2.0,ELDORADO PLAZA WEST CONDO,1168,,1967,1,256,644,Active,,,https://www.redfin.com/FL/Hallandale-Beach/180-NE-12th-Ave-33009/unit-18C/home/41975647,MARMLS,A11438067,N,Y,25.9881063,-80.1360942
MLS Listing,,Single Family Residential,1610 N Park Rd,Hollywood,FL,33021,649999,3,2.0,Hollywood Hills 6-22 B,1585,7143,1957,1,410,,Active,,,https://www.redfin.com/FL/Hollywood/1610-N-Park-Rd-33021/home/41925708,Beaches MLS,F10396205,N,Y,26.025053,-80.1756273
MLS Listing,,Single Family Residential,391 Old Country Rd S,Wellington,FL,33414,849900,4,2.5,Pinewood East 2 OF Wellington,2353,21780,1982,1,361,,Pre On-Market,August-26-2023 12:00 PM,August-26-2023 03:00 PM,https://www.redfin.com/FL/Wellington/391-Old-Country-Rd-S-33414/home/42488415,Beaches MLS,RX-10913201,N,Y,26.6712697,-80.235486
MLS Listing,,Single Family Residential,6220 SW 16th Ave,North Lauderdale,FL,33068,399000,3,2.0,Broadview Country Club Est,1000,7000,1958,1,399,,Active,,,https://www.redfin.com/FL/North-Lauderdale/6220-SW-16th-St-33068/home/41565160,Beaches MLS,RX-10913200,N,Y,26.2067934,-80.2075339
MLS Listing,,Single Family Residential,13140 Cypress Gln,Palm Beach Gardens,FL,33418,3758800,3,3.5,Old Marsh Golf Club,3353,21099,2015,1,1121,630,Active,,,https://www.redfin.com/FL/West-Palm-Beach/13140-Cypress-Gln-33418/home/42132706,Beaches MLS,RX-10913198,N,Y,26.872252,-80.1586884
MLS Listing,,Condo/Co-op,25 Deer Creek Rd Unit C104,Deerfield Beach,FL,33442,254900,1,1.5,Racquet Club Of Deercreek,800,,1983,1,319,318,Active,,,https://www.redfin.com/FL/Deerfield-Beach/25-Deer-Creek-Rd-33442/unit-C104/home/41466670,Beaches MLS,F10396203,N,Y,26.3184253,-80.1437507
MLS Listing,,Condo/Co-op,1985 S Ocean Dr Unit PHA,Hallandale Beach,FL,33009,399000,1,1.5,HEMISPHERES CONDO,870,,1972,1,459,875,Active,,,https://www.redfin.com/FL/Hallandale-Beach/1985-S-Ocean-Dr-33009/unit-PHA/home/41960447,MARMLS,A11439079,N,Y,25.9793687,-80.1208309
MLS Listing,,Single Family Residential,1897 Bell Ln,Palm Springs,FL,33406,743500,4,3.0,Albert Lakes Garden,3193,16744,1966,1,233,42,Active,,,https://www.redfin.com/FL/Palm-Springs/1897-Bell-Ln-33406/home/42586358,Beaches MLS,RX-10913196,N,Y,26.6490706,-80.1010232
MLS Listing,,Single Family Residential,,Margate,FL,33063,545000,3,2.0,,1097,7497,1958,1,497,,Active,,,https://www.redfin.com/FL/Margate/Undisclosed-address-33063/home/41435174,MARMLS,A11437411,N,Y,26.2485948,-80.2030451
MLS Listing,,Condo/Co-op,8345 Sunrise Lakes Blvd #110,Sunrise,FL,33322,169900,2,2.0,SUNRISE LAKES 42 CONDO,850,,1974,1,200,439,Active,,,https://www.redfin.com/FL/Sunrise/8345-Sunrise-Lakes-Blvd-33322/unit-110/home/41611417,MARMLS,A11439110,N,Y,26.1619892,-80.2643216
MLS Listing,,Single Family Residential,631 N 69th Ter,Hollywood,FL,33024,315000,4,1.0,Boulevard Heights Sec 3 4,1480,5999,1958,1,213,,Active,,,https://www.redfin.com/FL/Hollywood/631-N-69th-Ter-33024/home/41882577,Beaches MLS,F10396056,N,Y,26.0149349,-80.226402
MLS Listing,,Condo/Co-op,924 Normandy T,Delray Beach,FL,33484,240000,2,2.0,Kings Point Normandy A Thru U Condos,907,,1979,1,265,561,Active,,,https://www.redfin.com/FL/Delray-Beach/924-Normandy-T-33484/home/42229537,Beaches MLS,RX-10913193,N,Y,26.446145,-80.14227
MLS Listing,,Condo/Co-op,3430 Galt Ocean Dr #712,Fort Lauderdale,FL,33308,680000,2,2.0,COMMODORE CONDO,1657,,1966,1,410,1317,Active,,,https://www.redfin.com/FL/Fort-Lauderdale/3430-Galt-Ocean-Dr-33308/unit-712/home/41706309,MARMLS,A11439103,N,Y,26.1707114,-80.0982306
MLS Listing,,Single Family Residential,6655 Malta Dr,Boynton Beach,FL,33437,589000,3,2.0,Valencia Isles 1,2081,7169,2000,1,283,766,Active,,,https://www.redfin.com/FL/Boynton-Beach/6655-Malta-Dr-33437/home/42207785,Beaches MLS,RX-10913192,N,Y,26.5079141,-80.1498563
MLS Listing,,Single Family Residential,7557 Mutiny Ave,North Bay Village,FL,33141,1650000,3,3.0,TREASURE ISLAND,1836,6840,1954,1,899,,Active,,,https://www.redfin.com/FL/North-Bay-Village/7557-Mutiny-Ave-33141/home/42919773,MARMLS,A11439100,N,Y,25.8471204,-80.1494856
MLS Listing,,Single Family Residential,4257 NW 3rd St,Miami,FL,33126,700000,5,4.0,GOLF COURSE GARDENS,1951,11250,1926,1,359,,Active,,,https://www.redfin.com/FL/Miami/4257-NW-3rd-St-33126/home/42731880,MARMLS,A11439089,N,Y,25.7754416,-80.2650711
MLS Listing,,Condo/Co-op,11730 SW 2nd St #12206,Pembroke Pines,FL,33025,300000,1,1.0,MARQUESA CONDO SUB ACCOUN,690,,1999,1,435,474,Active,,,https://www.redfin.com/FL/Pembroke-Pines/11730-SW-2nd-St-33025/unit-12206/home/42038340,MARMLS,A11439047,N,Y,26.004682,-80.3049885
MLS Listing,,Condo/Co-op,1800 N Andrews Ave Unit 5H,Fort Lauderdale,FL,33311,265000,1,1.0,Drake Tower Condo,775,,1975,1,342,618,Active,,,https://www.redfin.com/FL/Fort-Lauderdale/1800-N-Andrews-Ave-33311/unit-5H/home/41694158,Beaches MLS,F10396133,N,Y,26.150949,-80.1453579
MLS Listing,,Condo/Co-op,3570 S Ocean Blvd #506,South Palm Beach,FL,33480,349000,1,1.5,Tuscany OF Palm Beach Condo,800,,1969,1,436,911,Active,,,https://www.redfin.com/FL/Palm-Beach/3570-S-Ocean-Blvd-33480/unit-506/home/42590746,Beaches MLS,RX-10913186,N,Y,26.5896285,-80.0386035
MLS Listing,,Townhouse,7693 NW 178th St #7693,Hialeah,FL,33015,450000,3,2.0,SAN MATEO,1190,,1995,1,378,25,Active,,,https://www.redfin.com/FL/Hialeah/7693-NW-178th-St-33015/unit-7693/home/186925930,MARMLS,A11439084,N,Y,25.9352488,-80.3253286
MLS Listing,,Condo/Co-op,4311 Crystal Lake Dr #212,Deerfield Beach,FL,33064,201500,2,2.0,WINCAST ARMS NORTH CONDO,1200,,1972,1,168,471,Active,,,https://www.redfin.com/FL/Deerfield-Beach/4311-Crystal-Lake-Dr-33064/unit-212/home/41481396,MARMLS,A11439082,N,Y,26.2834022,-80.1457804
MLS Listing,,Condo/Co-op,110 Lake Meryl Dr #112,West Palm Beach,FL,33411,129000,1,1.5,Golden Lakes Village Condo E,800,,1981,1,161,634,Active,,,https://www.redfin.com/FL/West-Palm-Beach/110-Lake-Meryl-Dr-33411/unit-112/home/42163540,Beaches MLS,RX-10913184,N,Y,26.6977699,-80.1626833
MLS Listing,,Condo/Co-op,3340 NE 190th St Ph 1808,Aventura,FL,33180,1795000,3,2.5,AVENTURA MARINA CONDO NUM,2497,,2006,1,719,1600,Active,,,https://www.redfin.com/FL/Aventura/3340-NE-190th-St-33180/unit-1808/home/43325631,MARMLS,A11437196,N,Y,25.951657,-80.135679
MLS Listing,,Single Family Residential,20581 SW 140th Ave,Miami,FL,33177,2600000,4,4.5,Redlands,4752,221633,2003,1,547,,Active,,,https://www.redfin.com/FL/Miami/20581-SW-140th-Ave-33177/home/43264553,MARMLS,A11438963,N,Y,25.575623,-80.4183
MLS Listing,,Condo/Co-op,4520 El Mar Dr #22,Lauderdale By The Sea,FL,33308,310000,0,1.0,Southern Seas,310,,1984,1,1000,543,Active,,,https://www.redfin.com/FL/Lauderdale-by-the-Sea/4520-El-Mar-Dr-33308/unit-22/home/41708332,Beaches MLS,F10396195,N,Y,26.1935326,-80.0950669
MLS Listing,,Single Family Residential,10 Caston Way,Boynton Beach,FL,33426,439000,3,2.0,Boynton Lakes,1354,5022,1988,1,324,120,Active,,,https://www.redfin.com/FL/Boynton-Beach/10-Caston-Way-33426/home/42332003,Beaches MLS,F10396196,N,Y,26.5684308,-80.0870809
MLS Listing,,Condo/Co-op,,Fort Lauderdale,FL,33308,1300000,3,3.0,,1827,,1966,1,712,1410,Active,,,https://www.redfin.com/FL/Fort-Lauderdale/Undisclosed-address-33308/home/41711295,MARMLS,A11439080,N,Y,26.1707114,-80.0982306
MLS Listing,,Condo/Co-op,,Lauderdale By The Sea,FL,33308,550000,1,2.0,,700,,1984,1,786,1126,Active,,,https://www.redfin.com/FL/Lauderdale-by-the-Sea/Undisclosed-address-33308/home/41707333,Beaches MLS,F10396183,N,Y,26.1935326,-80.0950669
MLS Listing,,Multi-Family (5+ Unit),"8660 Brenna Ln Unit 1, 2, 3, 4, 5, 6",Palm Beach Gardens,FL,33410,1600000,,2.0,Palm Beach Gardens,5096,33551,1981,1,314,,Active,,,https://www.redfin.com/FL/Palm-Beach-Gardens/8660-Brenna-Ln-33410/unit-1/home/168156068,Beaches MLS,RX-10913183,N,Y,26.8068713,-80.0991757
MLS Listing,,Single Family Residential,1181 SW 4 Ter Ter,Pompano Beach,FL,33060,575000,4,3.0,Lyons Park,1802,7500,1956,1,319,,Pre On-Market,,,https://www.redfin.com/FL/Pompano-Beach/1181-SW-4th-Ter-33060/home/41631980,Beaches MLS,RX-10913181,N,Y,26.2150851,-80.1293718
MLS Listing,,Single Family Residential,7300 Ocean Ter #313,Miami Beach,FL,33141,314999,0,1.0,OLSEN HOTEL CONDO,172,,1940,1,1831,245,Active,,,https://www.redfin.com/FL/Miami-Beach/7300-Ocean-Ter-33141/unit-313/home/42772509,MARMLS,A11439067,N,Y,25.858631,-80.1201397
MLS Listing,,Condo/Co-op,3475 N Country Club Dr #112,Aventura,FL,33180,459000,4,3.0,ENSENADA CONDO BLDG E-11,1988,,1971,1,231,1035,Active,,,https://www.redfin.com/FL/Aventura/3475-N-Country-Club-Dr-33180/unit-112/home/42934159,MARMLS,A11439075,N,Y,25.9667675,-80.1307113
MLS Listing,,Condo/Co-op,,Aventura,FL,33180,735000,3,2.5,,1950,,1990,1,377,,Active,,,https://www.redfin.com/FL/Aventura/Undisclosed-address-33180/home/42940210,MARMLS,A11438368,N,Y,25.9631691,-80.1258912
MLS Listing,,Single Family Residential,2815 NE 27th Ave,Lighthouse Point,FL,33064,949987,2,2.0,Lighthouse Point 3rd Sec,2143,9441,1955,1,443,,Active,,,https://www.redfin.com/FL/Lighthouse-Point/2815-NE-27th-Ave-33064/home/41517565,Beaches MLS,F10396181,N,Y,26.2665448,-80.0869095
MLS Listing,,Single Family Residential,301 NW 12th Ave,Delray Beach,FL,33444,670000,3,1.0,Poinciana Heights Delray,1061,8183,1961,1,631,,Active,,,https://www.redfin.com/FL/Delray-Beach/301-NW-12th-Ave-33444/home/42363290,Beaches MLS,RX-10913179,N,Y,26.4673945,-80.0848115
MLS Listing,,Condo/Co-op,629 Sea Pine Way Unit H2,Greenacres,FL,33415,272500,2,2.0,Pine Ridge North II Condo,1005,,1984,1,271,320,Active,,,https://www.redfin.com/FL/Greenacres/629-Sea-Pine-Way-33415/unit-H2/home/42383835,Beaches MLS,RX-10913178,N,Y,26.6377935,-80.1379768
MLS Listing,,Condo/Co-op,622 Saxony M,Delray Beach,FL,33446,145000,1,1.5,Kings Point Saxony Condos,760,,1974,1,191,410,Active,,,https://www.redfin.com/FL/Delray-Beach/622-Saxony-M-33446/home/42232052,Beaches MLS,RX-10913177,N,Y,26.4401562,-80.1534647
MLS Listing,,Condo/Co-op,765 SW 148th Ave #1208,Sunrise,FL,33325,289000,1,1.0,VILLAS DE TUSCANY CONDO,1068,,1998,1,271,537,Active,,,https://www.redfin.com/FL/Davie/765-SW-148th-Ave-33325/unit-1208/home/42024571,MARMLS,A11438743,N,Y,26.1108289,-80.3474848
MLS Listing,,Single Family Residential,12169 Sugar Pine Trl,Wellington,FL,33414,719000,4,2.0,South Shore 4 OF Wellington,1890,,1979,1,380,,Pre On-Market,,,https://www.redfin.com/FL/Wellington/12169-Sugar-Pine-Trl-33414/home/42496109,Beaches MLS,RX-10913175,N,Y,26.6673583,-80.2392543
MLS Listing,,Single Family Residential,507 NE 10th Ave,Fort Lauderdale,FL,33301,1350000,4,3.0,Holmberg & Mc Kees Sub 1-,2294,8100,1939,1,588,,Pre On-Market,August-26-2023 11:00 AM,August-26-2023 02:00 PM,https://www.redfin.com/FL/Fort-Lauderdale/507-NE-10th-Ave-33301/home/41786336,Beaches MLS,F10395782,N,Y,26.1283896,-80.1336502
MLS Listing,,Townhouse,8294 Cadre Noir Rd,Lake Worth,FL,33467,554900,3,2.5,Fields AT Gulfstream Polo,1908,2520,2020,1,291,260,Active,,,https://www.redfin.com/FL/Lake-Worth/8294-Cadre-Noir-Rd-33467/home/171454130,Beaches MLS,RX-10913173,N,Y,26.6091348,-80.1787515
MLS Listing,,Condo/Co-op,2305 Lucaya Ln Unit M3,Coconut Creek,FL,33066,280000,2,2.0,LUCAYA VILLAGE 1-E CONDO,1291,,1980,1,217,650,Pre On-Market,,,https://www.redfin.com/FL/Coconut-Creek/2305-Lucaya-Ln-33066/unit-M3/home/41496034,MARMLS,A11439049,N,Y,26.2555628,-80.181796
MLS Listing,,Multi-Family (2-4 Unit),1121 NE 17th Way,Fort Lauderdale,FL,33304,750000,3,2.0,PROGRESSO,1394,,1955,1,538,,Active,,,https://www.redfin.com/FL/Fort-Lauderdale/1121-NE-17th-Way-33304/home/179490592,MARMLS,A11439054,N,Y,26.1400133,-80.1242248
MLS Listing,,Condo/Co-op,485 Brickell Ave #2502,Miami,FL,33131,1525000,2,2.0,ICON BRICKELL CONDO NO 3,1386,,2009,1,1100,2974,Active,,,https://www.redfin.com/FL/Miami/485-Brickell-Ave-33131/unit-2502/home/43416079,MARMLS,A11439053,N,Y,25.7686625,-80.188727
MLS Listing,,Single Family Residential,326 E Ilex Dr,Lake Park,FL,33403,455000,4,3.0,KELSEY CITY,1716,10187,1953,1,265,,Active,,,https://www.redfin.com/FL/Lake-Park/326-E-Ilex-Dr-33403/home/42414397,MARMLS,A11436494,N,Y,26.8008908,-80.0592332
MLS Listing,,Single Family Residential,17905 Boniello Dr,Boca Raton,FL,33496,5995000,6,7.0,Boniellos Acres,5782,94525,2020,1,1037,100,Active,,,https://www.redfin.com/FL/Boca-Raton/17905-Boniello-Dr-33496/home/42236237,Beaches MLS,RX-10913172,N,Y,26.4104998,-80.1514497
MLS Listing,,Condo/Co-op,520 SE 5th Ave #3709,Fort Lauderdale,FL,33301,529900,2,2.0,Las Olas BY The River Condo,1120,,2001,1,473,827,Pre On-Market,,,https://www.redfin.com/FL/Fort-Lauderdale/520-SE-5th-Ave-33301/unit-3709/home/42043485,Beaches MLS,RX-10913171,N,Y,26.1154909,-80.1380608
MLS Listing,,Condo/Co-op,3800 Hillcrest Dr #309,Hollywood,FL,33021,195000,1,1.5,HILLCREST EAST NO 25 COND,844,,1975,1,231,361,Active,,,https://www.redfin.com/FL/Hollywood/3800-Hillcrest-Dr-33021/unit-309/home/41951063,MARMLS,A11439005,N,Y,25.9995353,-80.181796
MLS Listing,,Condo/Co-op,3050 NE 16th Ave #405,Oakland Park,FL,33334,385000,2,2.0,River Shores,912,,1972,1,422,580,Active,,,https://www.redfin.com/FL/Oakland-Park/3050-NE-16th-Ave-33334/unit-405/home/41676254,Beaches MLS,F10396177,N,Y,26.1659036,-80.1251932
MLS Listing,,Single Family Residential,4421 Cordia Cir,Coconut Creek,FL,33066,449000,2,2.0,Tartan Coconut Creek Phase I,1580,4275,1981,1,284,302,Active,,,https://www.redfin.com/FL/Coconut-Creek/4421-Cordia-Cir-33066/home/41498575,Beaches MLS,RX-10913169,N,Y,26.2593456,-80.1853488
MLS Listing,,Condo/Co-op,2931 E Sunrise Lakes Dr #304,Sunrise,FL,33322,134900,2,2.0,SUNRISE LAKES 17 CONDO,850,,1973,1,159,509,Active,,,https://www.redfin.com/FL/Sunrise/2931-E-Sunrise-Lakes-Dr-33322/unit-304/home/41605320,MARMLS,A11434793,N,Y,26.161734,-80.253268
MLS Listing,,Vacant Land,4595 NW 22nd Ct,Miami,FL,33142,549990,,,BUCKEYE PARK,,6858,,1,,,Active,,,https://www.redfin.com/FL/Miami/4595-NW-22nd-Ct-33142/home/43045006,MARMLS,A11439040,N,Y,25.8165207,-80.2331555
MLS Listing,,Single Family Residential,23393 SW 107th Pl,Homestead,FL,33032,645000,4,3.5,MC RESIDENTIAL,2556,5785,2020,1,252,200,Active,,,https://www.redfin.com/FL/Homestead/23393-SW-107th-Pl-33032/home/168216825,MARMLS,A11439035,N,Y,25.5498059,-80.3649018
MLS Listing,,Single Family Residential,5721 NW 68th Ave,Tamarac,FL,33321,375000,3,2.0,MAINLANDS OF TAMARAC LAKE,1318,4769,1970,1,285,70,Active,,,https://www.redfin.com/FL/Tamarac/5721-NW-68th-Ave-33321/home/41558831,MARMLS,A11435886,N,Y,26.1966662,-80.2424318
MLS Listing,,Condo/Co-op,475 Brickell Ave #3509,Miami,FL,33131,845000,2,2.0,ICONBRICKELL CONDO NO 1,1167,,2008,1,724,1243,Active,,,https://www.redfin.com/FL/Miami/475-Brickell-Ave-33131/unit-3509/home/43472190,MARMLS,A11439033,N,Y,25.7686821,-80.1885066
MLS Listing,,Single Family Residential,525 NE 8th Ave,Fort Lauderdale,FL,33301,2648000,4,4.0,HOLMBERG & MC KEES,3028,8100,2023,1,875,,Active,,,https://www.redfin.com/FL/Fort-Lauderdale/525-NE-8th-Ave-33301/home/41785821,MARMLS,A11439020,N,Y,26.1290201,-80.13569
MLS Listing,,Condo/Co-op,6061 N Falls Cir Dr #307,Lauderhill,FL,33319,249000,3,2.0,INVERRARY COUNTRY CLUB,1360,,1973,1,183,672,Active,,,https://www.redfin.com/FL/Lauderhill/6061-N-Falls-Circle-Dr-33319/unit-307/home/41587225,MARMLS,A11439016,N,Y,26.1769137,-80.2318699
MLS Listing,,Condo/Co-op,68 SE 6 St #2510,Miami,FL,33131,1050000,2,2.0,REACH CONDO,1208,,2016,1,869,1260,Active,,,https://www.redfin.com/FL/Miami/68-SE-6th-St-33131/unit-2510/home/110141826,MARMLS,A11439032,N,Y,25.767898,-80.1923013
MLS Listing,,Single Family Residential,3018 NE 20th Ct,Fort Lauderdale,FL,33305,3700000,,,Lauderdale Beach Ext 27-4,10494,10494,,1,353,,Active,,,https://www.redfin.com/FL/Fort-Lauderdale/3018-NE-20th-Ct-33305/home/41710910,Beaches MLS,F10395974,N,Y,26.1541519,-80.1047975
MLS Listing,,Multi-Family (2-4 Unit),9258 SW 36th St,Miami,FL,33165,729900,6,3.0,CENTRAL HEIGHTS,1566,,1969,1,466,,Active,,,https://www.redfin.com/FL/Miami/9258-SW-36th-St-33165/home/43072259,MARMLS,A11439022,N,Y,25.73624,-80.3449639
MLS Listing,,Single Family Residential,8706 White Egret Way,Lake Worth,FL,33467,450000,3,2.5,Lakes OF Sherbrooke,1812,15009,1988,1,248,155,Pre On-Market,,,https://www.redfin.com/FL/Lake-Worth/8706-White-Egret-Way-33467/home/42183363,Beaches MLS,RX-10913166,N,Y,26.598614,-80.1860026
MLS Listing,,Single Family Residential,,Palm Beach Gardens,FL,33410,575000,3,2.0,,897,14048,1968,1,641,,Active,,,https://www.redfin.com/FL/West-Palm-Beach/Undisclosed-address-33410/home/42285185,MARMLS,A11438832,N,Y,26.8544612,-80.0736383
MLS Listing,,Single Family Residential,337 Swinton Ave,Delray Beach,FL,33444,3849000,4,4.5,Delray Resub Of Blk 72 &,4235,6681,2023,1,909,,Active,,,https://www.redfin.com/FL/Delray-Beach/337-S-Swinton-Ave-33444/home/133791944,Beaches MLS,F10388466,N,Y,26.4548954,-80.0727258
MLS Listing,,Mobile/Manufactured Home,12938 SW 252 Ter,Homestead,FL,33032,105000,3,2.0,Princetonian,1466,,2002,1,72,774,Active,,,https://www.redfin.com/FL/Princeton/12938-SW-252nd-Ter-33032/home/186087261,MARMLS,A11439012,N,Y,25.5324396,-80.4008957
MLS Listing,,Condo/Co-op,14848 SW 104th St #113,Miami,FL,33196,525000,3,2.5,MAHOGANY ISLE HOMES CONDO,1740,,1996,1,302,,Active,,,https://www.redfin.com/FL/Miami/14848-SW-104th-St-33196/unit-113/home/43190197,MARMLS,A11438923,N,Y,25.668825,-80.4367229
MLS Listing,,Townhouse,700 Lago Rd,Delray Beach,FL,33445,310000,2,2.0,Lago Del Rey North Condo,1440,,1981,1,215,640,Active,,,https://www.redfin.com/FL/Delray-Beach/700-Lago-Rd-33445/home/42371485,Beaches MLS,RX-10913162,N,Y,26.4506825,-80.1021131
MLS Listing,,Single Family Residential,6525 SW 113th Ave,Miami,FL,33173,385000,3,2.0,SNAPPER CREEK TOWNHOUSES,1378,1800,1973,1,279,154,Active,,,https://www.redfin.com/FL/Miami/6525-SW-113th-Ave-33173/home/43091302,MARMLS,A11438977,N,Y,25.7057981,-80.375856
MLS Listing,,Single Family Residential,10401 SW 89th Ave,Miami,FL,33176,2850000,4,3.5,GALLOWAY GLEN,3417,16980,1988,1,834,233,Active,,,https://www.redfin.com/FL/Miami/10401-SW-89th-Ave-33176/home/43152876,MARMLS,A11436707,N,Y,25.673042,-80.3384999
MLS Listing,,Single Family Residential,1904 SW 10th Ct,Fort Lauderdale,FL,33312,339000,3,2.0,RIVERSIDE PARK,800,5500,1931,1,424,,Active,,,https://www.redfin.com/FL/Fort-Lauderdale/1904-SW-10th-Ct-33312/home/41798443,MARMLS,A11439014,N,Y,26.1090803,-80.1668204
MLS Listing,,Townhouse,705 Sunny Pine Way Unit E,Greenacres,FL,33415,309000,2,2.0,Pine Ridge North Village Iii Condo,1370,,1984,1,226,408,Active,August-26-2023 10:00 AM,August-26-2023 12:00 PM,https://www.redfin.com/FL/Greenacres/705-Sunny-Pine-Way-33415/unit-E/home/42376275,Beaches MLS,RX-10913085,N,Y,26.6382299,-80.1437125
MLS Listing,,Single Family Residential,9729 Campi Dr,Lake Worth,FL,33467,1495000,5,4.0,Isola Bella Estates / Villages OF Windsor 2,3818,8999,2006,1,392,458,Active,,,https://www.redfin.com/FL/Lake-Worth/9729-Campi-Dr-33467/home/42564972,Beaches MLS,RX-10913060,N,Y,26.5655926,-80.2001032
MLS Listing,,Single Family Residential,1212 Longwood St,West Palm Beach,FL,33401,1150000,3,3.0,Mercer Park,2602,14465,1920,1,442,,Active,,,https://www.redfin.com/FL/West-Palm-Beach/1212-Longwood-St-33401/home/42520854,Beaches MLS,RX-10912616,N,Y,26.6971553,-80.0669599
MLS Listing,,Single Family Residential,1520 SW 67th Ave,North Lauderdale,FL,33068,419900,3,2.0,Broadview Country Club,1384,6504,1958,2,303,,Active,,,https://www.redfin.com/FL/North-Lauderdale/1520-SW-67th-Ave-33068/home/41568335,Beaches MLS,F10395463,N,Y,26.2077904,-80.2127634
MLS Listing,,Single Family Residential,2206 NW 62nd Ter,Margate,FL,33063,489900,4,1.0,IBEC ADD NO 8,1757,7513,1959,2,279,,Active,,,https://www.redfin.com/FL/Margate/2206-NW-62nd-Ter-33063/home/41434350,MARMLS,A11438701,N,Y,26.2558703,-80.2079261
MLS Listing,,Townhouse,14869 Vivace Rd,Delray Beach,FL,33446,595000,2,2.0,Villaggio Isles Parcel E Repl,1557,3456,2016,2,382,594,Active,,,https://www.redfin.com/FL/Delray-Beach/14869-Vivace-Rd-33446/home/112960543,Beaches MLS,RX-10913157,N,Y,26.4556513,-80.1671308
MLS Listing,,Condo/Co-op,16750 NE 14th Ave #302,Miami,FL,33162,149900,1,1.0,MAR-LEN GARDENS NO 11 COR,883,,1965,2,170,600,Active,,,https://www.redfin.com/FL/Miami/16750-NE-14th-Ave-33162/unit-302/home/43015098,MARMLS,A11439013,N,Y,25.9299855,-80.1728153
MLS Listing,,Multi-Family (2-4 Unit),341 Silver Beach Rd,Riviera Beach,FL,33403,400000,2,3.0,Park Manor 6,1544,8415,1971,2,259,,Active,,,https://www.redfin.com/FL/Riviera-Beach/341-Silver-Beach-Rd-33403/home/42459323,Beaches MLS,RX-10913159,N,Y,26.7925465,-80.0595205
MLS Listing,,Condo/Co-op,198 NW 67th St #207,Boca Raton,FL,33487,379900,3,2.0,Boca Teeca,1316,,1980,2,289,750,Active,,,https://www.redfin.com/FL/Boca-Raton/198-NW-67th-St-33487/unit-207/home/184141009,Beaches MLS,RX-10913158,N,Y,26.4091584,-80.0818344
MLS Listing,,Single Family Residential,900 Guava Isle,Fort Lauderdale,FL,33315,689000,,,South New River Isles Sec,9776,9776,,2,70,,Active,,,https://www.redfin.com/FL/Fort-Lauderdale/900-Guava-Isle-33315/home/41810614,Beaches MLS,F10395548,N,Y,26.103086,-80.153435
MLS Listing,,Multi-Family (2-4 Unit),5401 NW 22nd St,Lauderhill,FL,33313,1250000,12,6.0,STONEBRIDGE ESTATES,3744,,1976,2,334,,Active,,,https://www.redfin.com/FL/Lauderhill/5401-NW-22nd-St-33313/home/41604077,MARMLS,A11438421,N,Y,26.154866,-80.22192
MLS Listing,,Condo/Co-op,10805 NW 89th Ter Unit 208-4,Doral,FL,33178,415000,3,2.5,CORONADO AT DORAL I CONDO,1284,,2007,2,323,336,Active,,,https://www.redfin.com/FL/Doral/10805-NW-89th-Ter-33178/unit-208-4/home/43394247,MARMLS,A11436519,N,Y,25.8549064,-80.372781
MLS Listing,,Multi-Family (2-4 Unit),522 NW 11th Ave,Boynton Beach,FL,33435,630000,,,CHERRY HILLS,1400,,1973,2,450,,Active,,,https://www.redfin.com/FL/Boynton-Beach/522-NW-11th-Ave-33435/home/42339195,MARMLS,A11438434,N,Y,26.5367077,-80.0708592
MLS Listing,,Condo/Co-op,6620 Indian Creek Dr #408,Miami Beach,FL,33141,1199000,2,2.0,PELORO CONDO INCOAST FRONT,1175,,2016,2,1020,2400,Active,,,https://www.redfin.com/FL/Miami-Beach/6620-Indian-Creek-Dr-33141/unit-408/home/113411184,MARMLS,A11439009,N,Y,25.8502538,-80.1219556
MLS Listing,,Condo/Co-op,6762 NW 182nd St #103,Hialeah,FL,33015,380000,3,2.5,MARQUIS VILLA-II CONDO,1180,,2000,2,322,250,Active,,,https://www.redfin.com/FL/Miami-Gardens/6762-NW-182nd-St-33015/unit-103/home/43260619,MARMLS,A11438933,N,Y,25.9336326,-80.3146321
MLS Listing,,Condo/Co-op,498 NW 165th St Rd Unit D206,Miami,FL,33169,209000,2,2.0,MONTECARLO CONDO,1175,,1972,2,178,752,Active,,,https://www.redfin.com/FL/Miami/498-NW-165th-Street-Rd-33169/unit-D206/home/43396786,MARMLS,A11438901,N,Y,25.923303,-80.2072139
MLS Listing,,Vacant Land,20500 SW 180th St,Miami,FL,33187,899000,,,Miami,,313501,,2,,,Active,,,https://www.redfin.com/FL/Miami/20500-SW-180th-St-33187/home/186922845,MARMLS,A11432891,N,Y,25.5977201,-80.5208273
MLS Listing,,Single Family Residential,1314 S Woodcrest Dr S,West Palm Beach,FL,33417,650000,4,2.5,Woodcrest,2889,,1979,2,225,,Active,,,https://www.redfin.com/FL/West-Palm-Beach/1314-Woodcrest-Rd-S-33417/home/42164616,Beaches MLS,RX-10913155,N,Y,26.6969506,-80.1284101
MLS Listing,,Condo/Co-op,3740 S Ocean Blvd #509,Highland Beach,FL,33487,1995000,3,2.5,Toscana,2552,,2004,2,782,1836,Pre On-Market,,,https://www.redfin.com/FL/Highland-Beach/3740-S-Ocean-Blvd-33487/unit-509/home/42587157,Beaches MLS,RX-10913154,N,Y,26.4075528,-80.0656722
MLS Listing,,Condo/Co-op,1938 Jackson St #504,Hollywood,FL,33020,685000,2,2.0,Aesthetic Apartments,,,2023,2,,685,Active,,,https://www.redfin.com/FL/Hollywood/1938-Jackson-St-33020/unit-504/home/186922838,Beaches MLS,F10396168,N,Y,26.0083751,-80.1462948
MLS Listing,,Single Family Residential,6594 Arno Way,Boynton Beach,FL,33472,679000,4,2.0,Ponte Vecchio,2625,6825,2000,2,259,560,Active,,,https://www.redfin.com/FL/Boynton-Beach/6594-Arno-Way-33472/home/42530906,Beaches MLS,RX-10913153,N,Y,26.5396216,-80.1494219
MLS Listing,,Single Family Residential,13780 N Miami Ave,Miami,FL,33168,2200000,4,4.0,BISC GARDENS SEC H PT 2,2361,33631,2023,2,932,,Active,,,https://www.redfin.com/FL/Miami/13780-N-Miami-Ave-33168/home/43000394,MARMLS,A11438144,N,Y,25.9013806,-80.1996456
MLS Listing,,Single Family Residential,17075 SW 92nd St,Miami,FL,33196,690000,4,3.0,KENDALL COMMONS RESIDENTI,2512,5775,2013,2,275,46,Active,,,https://www.redfin.com/FL/Miami/17075-SW-92nd-St-33196/home/55257692,MARMLS,A11439004,N,Y,25.6804582,-80.4719993
MLS Listing,,Condo/Co-op,800 Parkview Dr #110,Hallandale Beach,FL,33009,429900,2,2.0,OCEANVIEW PARK CONDO,1430,,1976,2,301,664,Active,,,https://www.redfin.com/FL/Hallandale-Beach/800-Parkview-Dr-33009/unit-110/home/41957848,MARMLS,A11438301,N,Y,25.9951947,-80.1210054
MLS Listing,,Condo/Co-op,1938 Jackson St #501,Hollywood,FL,33020,485000,1,1.0,Aesthetic Apartments,,,2023,2,,418,Active,,,https://www.redfin.com/FL/Hollywood/1938-Jackson-St-33020/unit-501/home/186922811,Beaches MLS,F10396166,N,Y,26.0083751,-80.1462948
MLS Listing,,Condo/Co-op,394 Flanders I,Delray Beach,FL,33484,122500,1,1.5,Kings Point Flanders A Thru T Condo,726,,1975,2,169,510,Active,,,https://www.redfin.com/FL/Delray-Beach/394-Flanders-I-33484/home/42224293,Beaches MLS,RX-10913151,N,Y,26.4405891,-80.1400224
MLS Listing,,Condo/Co-op,6301 Collins Ave #3006,Miami Beach,FL,33141,1220000,2,2.0,LA GORCE PALACE CONDO,1220,,1996,2,1000,1252,Active,,,https://www.redfin.com/FL/Miami-Beach/6301-Collins-Ave-33141/unit-3006/home/42778431,MARMLS,A11438994,N,Y,25.8445198,-80.1197839
MLS Listing,,Single Family Residential,5797 Cassandra Ct,West Palm Beach,FL,33415,375000,3,2.5,Victoria Woods 1,2089,5609,1986,2,180,154,Active,,,https://www.redfin.com/FL/West-Palm-Beach/5797-Cassandra-Ct-33415/home/42161944,Beaches MLS,RX-10913150,N,Y,26.6625118,-80.1345052
MLS Listing,,Single Family Residential,7440 NW 35th Ct,Lauderhill,FL,33319,465000,3,2.5,Boulevard West 92-19 B,1824,7013,1978,2,255,,Active,,,https://www.redfin.com/FL/Lauderhill/7440-NW-35th-Ct-33319/home/41582994,Beaches MLS,F10396162,N,Y,26.1700858,-80.2500139
MLS Listing,,Condo/Co-op,5000 N Ocean Blvd #1403,Lauderdale By The Sea,FL,33308,857000,2,2.0,Sea Ranch Club B Condo,1433,,1979,2,598,471,Active,,,https://www.redfin.com/FL/Lauderdale-by-the-Sea/5000-N-Ocean-Blvd-33308/unit-1403/home/41705497,Beaches MLS,F10396156,N,Y,26.1989364,-80.0949578
MLS Listing,,Condo/Co-op,2796 Ashley Dr W Unit J,West Palm Beach,FL,33415,185000,2,2.0,Cresthaven Villas 2 Condo,895,,1967,2,207,423,Active,,,https://www.redfin.com/FL/West-Palm-Beach/2796-Ashley-Dr-W-33415/unit-J/home/42160179,Beaches MLS,RX-10913144,N,Y,26.6364357,-80.1189385
MLS Listing,,Single Family Residential,1905 NW 98th Ave,Pembroke Pines,FL,33024,740000,4,3.5,DOWERMAN PLAT,2509,5726,1997,2,295,180,Active,,,https://www.redfin.com/FL/Pembroke-Pines/1905-NW-98th-Ave-33024/home/41876422,MARMLS,A11438202,N,Y,26.0242568,-80.2765206
MLS Listing,,Condo/Co-op,1945 S Ocean Dr #301,Hallandale Beach,FL,33009,755000,3,3.0,OCEAN MARINE YACHT CLUB C,1802,,2007,2,419,1504,Active,,,https://www.redfin.com/FL/Hallandale-Beach/1945-S-Ocean-Dr-33009/unit-301/home/42078305,MARMLS,A11438478,N,Y,25.9812824,-80.1207437
MLS Listing,,Condo/Co-op,23249 Barwood Ln #108,Boca Raton,FL,33428,295000,2,2.0,Barwood,1300,,1978,2,227,550,Active,,,https://www.redfin.com/FL/Boca-Raton/23249-Barwood-Ln-N-33428/unit-108/home/42271275,Beaches MLS,F10396158,N,Y,26.33063,-80.1956052
MLS Listing,,Single Family Residential,1912 NE 119th Rd,North Miami,FL,33181,3390000,4,3.0,SAN SOUCI ESTATES,2115,9375,1959,2,1603,,Active,,,https://www.redfin.com/FL/North-Miami/1912-NE-119th-Rd-33181/home/42862635,MARMLS,A11438713,N,Y,25.8853438,-80.1585781
MLS Listing,,Condo/Co-op,3101 Bayshore Dr #1007,Fort Lauderdale,FL,33304,1195000,2,2.0,FORT LAUDERDALE RESIDENCE,1176,,2010,2,1016,1851,Active,,,https://www.redfin.com/FL/Fort-Lauderdale/3101-Bayshore-Dr-33304/unit-1007/home/42081358,MARMLS,A11438752,N,Y,26.1285827,-80.1039467
MLS Listing,,Single Family Residential,19880 NW 78th Path,Hialeah,FL,33015,640000,3,2.5,ROYALTON SUB,1738,5150,2006,2,368,,Active,,,https://www.redfin.com/FL/Hialeah/19880-NW-78th-Path-33015/home/43276346,MARMLS,A11438978,N,Y,25.9541641,-80.3306455
MLS Listing,,Single Family Residential,21281 Rock Ridge Dr,Boca Raton,FL,33428,1499000,5,4.0,Boca Falls / The Estates,3738,12056,1999,2,401,430,Pre On-Market,,,https://www.redfin.com/FL/Boca-Raton/21281-Rock-Ridge-Dr-33428/home/42124512,Beaches MLS,RX-10913141,N,Y,26.3594483,-80.2373157
MLS Listing,,Condo/Co-op,466 Grantham E,Deerfield Beach,FL,33442,159900,1,1.5,Century Village,720,,1977,2,222,481,Active,,,https://www.redfin.com/FL/Deerfield-Beach/466-Grantham-E-33442/home/41460487,Beaches MLS,RX-10913140,N,Y,26.309107,-80.1352579
MLS Listing,,Condo/Co-op,5430 Venetia Ct Unit H,Boynton Beach,FL,33437,280000,2,2.0,ALEXANDRA VILLAGE CONDO,1131,,1990,2,248,661,Pre On-Market,,,https://www.redfin.com/FL/Boynton-Beach/5430-Venetia-Ct-33437/unit-H/home/42200882,MARMLS,A11438913,N,Y,26.5295911,-80.1282087
MLS Listing,,Condo/Co-op,,Miramar,FL,33025,340000,2,2.0,,966,,2000,2,352,442,Active,,,https://www.redfin.com/FL/Miramar/Undisclosed-address-33025/home/42041873,MARMLS,A11438972,N,Y,25.9897912,-80.3078709
MLS Listing,,Condo/Co-op,4010 S Ocean Dr Unit R2506,Hollywood,FL,33019,660000,1,1.5,4010 SOUTH OCEAN CONDO,702,,2019,2,940,1200,Active,,,https://www.redfin.com/FL/Hollywood/4010-S-Ocean-Dr-33019/unit-R2506/home/172066913,MARMLS,A11438957,N,Y,25.9870383,-80.1206413
MLS Listing,,Single Family Residential,201 NW 41st St,Deerfield Beach,FL,33064,575000,5,2.0,Bonnie Loch,1633,21336,1961,2,352,,Active,,,https://www.redfin.com/FL/Deerfield-Beach/201-NW-41st-St-33064/home/41474898,Beaches MLS,F10396153,N,Y,26.2811831,-80.1258694
MLS Listing,,Single Family Residential,2260 N Seacrest Blvd,Boynton Beach,FL,33435,329900,2,1.0,Rolling Green Ridge 1st Add,1384,7500,1961,2,238,,Active,,,https://www.redfin.com/FL/Boynton-Beach/2260-N-Seacrest-Blvd-33435/home/42333864,Beaches MLS,RX-10913134,N,Y,26.551402,-80.0672218
MLS Listing,,Condo/Co-op,5201 NW 2nd Ave #109,Boca Raton,FL,33487,369900,2,2.0,Boca Teeca,1300,1300,1974,2,285,618,Active,,,https://www.redfin.com/FL/Boca-Raton/5201-NW-2nd-Ave-33487/unit-109/home/186922139,Beaches MLS,RX-10913133,N,Y,26.3967121,-80.0845933
MLS Listing,,Multi-Family (2-4 Unit),,Oakland Park,FL,33334,3800000,5,7.5,,17475,,1959,2,217,,Active,,,https://www.redfin.com/FL/Oakland-Park/Undisclosed-address-33334/home/41667649,MARMLS,A11438965,N,Y,26.1679637,-80.1299043
MLS Listing,,Multi-Family (2-4 Unit),3636 SW 2nd St,Miami,FL,33135,850000,,,KIRKLAND HEIGHTS AMD,2279,,1925,2,373,,Active,,,https://www.redfin.com/FL/Miami/3636-SW-2nd-St-33135/home/43409795,MARMLS,A11438953,N,Y,25.7699155,-80.2540022
MLS Listing,,Single Family Residential,8534 Briar Rose Pt,Boynton Beach,FL,33473,975000,5,3.5,Canyon Springs,3621,7505,2008,2,269,392,Active,August-26-2023 12:00 PM,August-26-2023 02:00 PM,https://www.redfin.com/FL/Boynton-Beach/8534-Briar-Rose-Pt-33473/home/42620820,Beaches MLS,RX-10912520,N,Y,26.5029779,-80.1797907
MLS Listing,,Single Family Residential,17621 43rd Rd N,The Acreage,FL,33470,724900,2,2.0,"Loxahatchee, The Acreage, Royal Palm Acreage",1535,50094,1998,2,472,,Active,,,https://www.redfin.com/FL/Loxahatchee/17621-43rd-Rd-N-33470/home/42628579,Beaches MLS,RX-10913132,N,Y,26.7438234,-80.3230297
MLS Listing,,Townhouse,3337 W 91st Ter,Hialeah,FL,33018,559000,4,2.5,BELLAGIO,1862,,2015,2,300,200,Active,,,https://www.redfin.com/FL/Hialeah/3337-W-91st-Ter-33018/home/56743471,MARMLS,A11438927,N,Y,25.9057244,-80.3512182
MLS Listing,,Single Family Residential,10420 NW 2nd Ct,Miami,FL,33150,810000,4,3.0,W MIAMI SHORES SEC B,1723,7764,1949,2,470,,Active,,,https://www.redfin.com/FL/Miami/10420-NW-2nd-Ct-33150/home/43000988,MARMLS,A11438959,N,Y,25.870772,-80.2029923
MLS Listing,,Condo/Co-op,2151 NE 68th St #227,Fort Lauderdale,FL,33308,240000,1,1.5,IMPERIAL POINT COLONNADES,756,,1971,2,317,413,Active,,,https://www.redfin.com/FL/Fort-Lauderdale/2151-NE-68th-St-33308/unit-227/home/41650527,MARMLS,A11438757,N,Y,26.2106024,-80.1140448
MLS Listing,,Condo/Co-op,4000 N Hills Dr #39,Hollywood,FL,33021,329000,2,2.0,EMERALD HILLS C C APTS CO,1129,,1981,2,291,464,Active,,,https://www.redfin.com/FL/Hollywood/4000-N-Hills-Dr-33021/unit-39/home/41924858,MARMLS,A11438803,N,Y,26.0431094,-80.1836442
MLS Listing,,Single Family Residential,6201 SW 38th St,Davie,FL,33314,135000,2,1.0,Playland Village Sec 4 52,1144,6030,1962,2,118,,Active,,,https://www.redfin.com/FL/Davie/6201-SW-38th-St-33314/home/41771231,Beaches MLS,F10396084,N,Y,26.0749456,-80.2295804
MLS Listing,,Condo/Co-op,119 Oakridge I #119,Deerfield Beach,FL,33442,99000,1,1.0,Oakridge Century Village,585,,1976,2,169,450,Active,,,https://www.redfin.com/FL/Deerfield-Beach/119-Oakridge-I-33442/unit-119/home/41467769,Beaches MLS,F10394425,N,Y,26.306109,-80.14259
MLS Listing,,Condo/Co-op,,North Lauderdale,FL,33068,185000,1,1.5,,830,,1979,2,223,541,Active,,,https://www.redfin.com/FL/North-Lauderdale/Undisclosed-address-33068/home/41566296,Beaches MLS,F10396088,N,Y,26.204709,-80.235131
MLS Listing,,Single Family Residential,8286 NW 33rd Ter,Doral,FL,33122,1869900,5,6.5,OASIS PARK SQUARE AT DORA,4307,4730,2015,2,434,545,Active,,,https://www.redfin.com/FL/Doral/8286-NW-33rd-Ter-33122/home/79133239,MARMLS,A11438683,N,Y,25.8047135,-80.3312547
MLS Listing,,Condo/Co-op,3600 Yacht Club Dr #402,Aventura,FL,33180,699000,3,2.0,HARBOR TWS AT THE WATERWA,1820,,1993,2,384,1429,Active,,,https://www.redfin.com/FL/Aventura/3600-Yacht-Club-Dr-33180/unit-402/home/42942072,MARMLS,A11438943,N,Y,25.9731165,-80.1296426
MLS Listing,,Single Family Residential,820 SE 8th St,Fort Lauderdale,FL,33316,2999000,4,3.5,RIO VISTA C J HECTORS RES,3606,9375,1938,2,832,,Active,August-26-2023 11:00 AM,August-26-2023 05:00 PM,https://www.redfin.com/FL/Fort-Lauderdale/820-SE-8th-St-33316/home/41800579,MARMLS,A11434417,N,Y,26.1119925,-80.1343534
MLS Listing,,Condo/Co-op,3090 N Course Dr #801,Pompano Beach,FL,33069,342000,3,2.0,NO 50 PALM-AIRE COUNTRY C,1390,,1974,2,246,390,Active,,,https://www.redfin.com/FL/Pompano-Beach/3090-N-Course-Dr-33069/unit-801/home/41638738,MARMLS,A11438949,N,Y,26.2292207,-80.1679322
MLS Listing,,Condo/Co-op,3451 NE 1st Ave Unit M0204,Miami,FL,33137,750000,2,2.5,TWO MIDTOWN MIAMI CONDO,986,,2007,2,761,975,Active,,,https://www.redfin.com/FL/Miami/3451-NE-1st-Ave-33137/unit-M0204/home/43386717,MARMLS,A11438946,N,Y,25.8092798,-80.1924041
MLS Listing,,Condo/Co-op,374 NE 27th Ave #203,Homestead,FL,33033,275000,2,2.0,Caribbean Isles,1048,,2006,2,262,189,Active,,,https://www.redfin.com/FL/Homestead/374-NE-27th-Ave-33033/unit-203/home/43363260,Beaches MLS,F10396145,N,Y,25.4737634,-80.4376598
MLS Listing,,Condo/Co-op,372 NE 26th Pl #204,Homestead,FL,33033,295000,3,2.0,Caribbean Isles,1201,,2006,2,246,225,Active,,,https://www.redfin.com/FL/Homestead/372-NE-26th-Pl-33033/unit-204/home/43453767,Beaches MLS,F10396143,N,Y,25.4734378,-80.4382215
MLS Listing,,Condo/Co-op,540 Brickell Key Dr #1816,Miami,FL,33131,640000,2,2.0,BRICKELL KEY II CONDO,1030,,1991,2,621,1254,Active,,,https://www.redfin.com/FL/Miami/540-Brickell-Key-Dr-33131/unit-1816/home/42768177,MARMLS,A11438915,N,Y,25.7680028,-80.1837141
MLS Listing,,Single Family Residential,4321 NW 110th Ct,Coral Springs,FL,33065,599999,4,2.5,GLENWOOD SUBDIVISION,2566,12165,1974,2,234,,Active,,,https://www.redfin.com/FL/Coral-Springs/4321-NW-110th-Ct-33065/home/41418917,MARMLS,A11438920,N,Y,26.283669,-80.273641
MLS Listing,,Condo/Co-op,3905 W Flagler St Unit B6,Miami,FL,33134,190000,1,1.0,FLAGLER 39 ASSOC CO-OP,500,,1947,2,380,178,Active,,,https://www.redfin.com/FL/Coral-Gables/3905-W-Flagler-St-33134/unit-B6/home/42742264,MARMLS,A11438671,N,Y,25.7720766,-80.259903
MLS Listing,,Single Family Residential,5030 SW 127th Pl,Miami,FL,33175,649999,3,2.0,ROYALE GREEN SEC 2,1364,7500,1971,2,477,,Active,,,https://www.redfin.com/FL/Miami/5030-SW-127th-Pl-33175/home/43124559,MARMLS,A11438660,N,Y,25.7186592,-80.4006348
MLS Listing,,Single Family Residential,3800 SW 126th Ave,Miramar,FL,33027,1875000,5,4.0,EVERGLADES SUGAR & LAND C,2758,108900,1977,2,680,,Active,,,https://www.redfin.com/FL/Miramar/3800-SW-126th-Ave-33027/home/41857008,MARMLS,A11438937,N,Y,25.9744135,-80.3158703
MLS Listing,,Condo/Co-op,1739 Village Blvd #108,West Palm Beach,FL,33409,197900,1,1.0,Milano Condo,698,,1994,2,284,390,Active,,,https://www.redfin.com/FL/West-Palm-Beach/1739-Village-Blvd-33409/unit-108/home/42589111,Beaches MLS,RX-10913124,N,Y,26.7286844,-80.1004809
MLS Listing,,Single Family Residential,1525 NW 129th St,North Miami,FL,33167,470000,4,2.0,Shephard Heights 2 Addn,1163,9600,1952,2,404,,Active,,,https://www.redfin.com/FL/North-Miami/1525-NW-129th-St-33167/home/42863114,Beaches MLS,RX-10913122,N,Y,25.8925478,-80.2238313
MLS Listing,,Condo/Co-op,22060 Brentwood Cir,Boca Raton,FL,33433,749000,3,2.0,Cameo Woods Condo,1521,,1979,2,492,292,Active,,,https://www.redfin.com/FL/Boca-Raton/22060-Brentwood-Cir-33433/home/42263215,Beaches MLS,RX-10913121,N,Y,26.346121,-80.13154
MLS Listing,,Condo/Co-op,8040 Hampton Blvd #406,North Lauderdale,FL,33068,254900,3,2.0,EATON AT HAMPTONS WEST CO,1480,,1984,2,172,766,Active,,,https://www.redfin.com/FL/North-Lauderdale/8040-Hampton-Blvd-33068/unit-406/home/41544130,MARMLS,A11438935,N,Y,26.2144495,-80.2357038
MLS Listing,,Single Family Residential,11510 NW 6th Pl,Coral Springs,FL,33071,629900,4,3.0,Summer Wind,2048,5628,1995,2,308,92,Pre On-Market,,,https://www.redfin.com/FL/Coral-Springs/11510-NW-6th-Pl-33071/home/41447582,Beaches MLS,F10396083,N,Y,26.239177,-80.2783716
MLS Listing,,Condo/Co-op,4174 Inverrary Dr #601,Lauderhill,FL,33319,165000,2,2.0,Manors Of Inverray,1116,,1974,2,148,715,Active,,,https://www.redfin.com/FL/Lauderhill/4174-Inverrary-Dr-33319/unit-601/home/41589453,Beaches MLS,F10396142,N,Y,26.175506,-80.22601
MLS Listing,,Townhouse,1935 W Frederick Small Rd,Jupiter,FL,33458,654900,3,2.5,Tuscany AT Abacoa,1824,2534,2003,2,359,324,Active,,,https://www.redfin.com/FL/Jupiter/1935-W-Frederick-Small-Rd-33458/home/42567041,Beaches MLS,RX-10913119,N,Y,26.8945361,-80.126166
MLS Listing,,Single Family Residential,4534 W Pinehurst Trl W,Oakland Park,FL,33309,799999,4,3.0,Oak Tree Property Redevelopment,2914,4784,2022,2,275,309,Active,,,https://www.redfin.com/FL/Oakland-Park/4534-Pinehurst-Trl-W-33309/home/180691753,Beaches MLS,RX-10913118,N,Y,26.1835543,-80.1763249
MLS Listing,,Condo/Co-op,1561 NW 20th Ave #103,Delray Beach,FL,33445,219900,2,2.0,Pines OF Delray North Condo,1167,,1980,2,188,458,Active,,,https://www.redfin.com/FL/Delray-Beach/1561-NW-20th-Ave-33445/unit-103/home/42638801,Beaches MLS,RX-10910603,N,Y,26.4806409,-80.0925268
MLS Listing,,Single Family Residential,218 W Thorn Apple Ct Unit Two,Royal Palm Beach,FL,33411,258000,2,2.0,Strathmore Gate,1226,,1980,2,210,398,Active,,,https://www.redfin.com/FL/Royal-Palm-Beach/218-Thorn-Apple-Ct-33411/unit-Two/home/186921693,Beaches MLS,F10395054,N,Y,26.7022133,-80.2297849
MLS Listing,,Condo/Co-op,343 Dorset I,Boca Raton,FL,33434,129000,1,1.0,Dorset AT Century Village Condo,600,,1979,2,215,507,Active,,,https://www.redfin.com/FL/Boca-Raton/343-Dorset-I-33434/home/42638600,Beaches MLS,RX-10913115,N,Y,26.382722,-80.179023
MLS Listing,,Condo/Co-op,7484 La Paz Blvd #101,Boca Raton,FL,33433,585000,3,3.0,La Paz,1710,,1985,2,342,543,Active,,,https://www.redfin.com/FL/Boca-Raton/7484-La-Paz-Blvd-33433/unit-101/home/42269645,Beaches MLS,F10395672,N,Y,26.3363023,-80.1609379
MLS Listing,,Single Family Residential,1226 Dunad Ave,Opa-locka,FL,33054,495000,4,2.0,PLAT NO 1 OPA LOCKA,1368,9675,1940,2,362,,Active,,,https://www.redfin.com/FL/Opa-Locka/1226-Dunad-Ave-33054/home/42877909,MARMLS,A11438921,N,Y,25.9069364,-80.2471492
MLS Listing,,Single Family Residential,2080 Bimini Dr,West Palm Beach,FL,33406,747000,3,2.5,Bahama Heights 2,2333,,1964,2,320,,Active,,,https://www.redfin.com/FL/West-Palm-Beach/2080-Bimini-Dr-33406/home/42292763,Beaches MLS,RX-10913113,N,Y,26.6456288,-80.0805126
MLS Listing,,Townhouse,13636 SW 158th Ave #7,Miami,FL,33196,677990,4,3.5,CENTURY GARDENS SOUTH,,,2023,2,,100,Active,,,https://www.redfin.com/FL/Miami/13636-SW-158th-Ave-33196/unit-7/home/186921632,MARMLS,A11438917,N,Y,25.663367,-80.451355
MLS Listing,,Condo/Co-op,6200 NW 62nd St #203,Tamarac,FL,33319,150000,2,2.0,BERMUDA CLUB FOUR CONDO,880,,1974,2,170,495,Active,,,https://www.redfin.com/FL/Tamarac/6200-NW-62nd-St-33319/unit-203/home/41562896,MARMLS,A11438870,N,Y,26.2004719,-80.2333748
MLS Listing,,Condo/Co-op,3375 N Country Club Dr #103,Aventura,FL,33180,295000,1,1.5,BONAVISTA CONDO,913,,1973,2,323,1554,Active,,,https://www.redfin.com/FL/Aventura/3375-N-Country-Club-Dr-33180/unit-103/home/42923474,MARMLS,A11438850,N,Y,25.9670338,-80.1342662
MLS Listing,,Single Family Residential,,Pembroke Pines,FL,33024,388900,2,1.0,,975,,1964,2,399,,Active,,,https://www.redfin.com/FL/Pembroke-Pines/Undisclosed-address-33024/home/41878451,Beaches MLS,F10396122,N,Y,26.0213059,-80.2406667
MLS Listing,,Condo/Co-op,2840 Somerset Dr Unit 307M,Lauderdale Lakes,FL,33311,150000,2,2.0,SOMERSET AT LAUDERDALE,1010,,1979,2,149,489,Active,,,https://www.redfin.com/FL/Lauderdale-Lakes/2840-Somerset-Dr-33311/unit-307M/home/41680357,MARMLS,A11435518,N,Y,26.1611843,-80.1875054
MLS Listing,,Single Family Residential,9960 Pecorino Isle(s),Boynton Beach,FL,33473,1795000,3,3.5,Monticello,2735,8324,2021,2,656,648,Pre On-Market,August-26-2023 02:00 PM,August-26-2023 05:00 PM,https://www.redfin.com/FL/Boynton-Beach/9960-Pecorino-Isle-33473/home/174436436,Beaches MLS,RX-10913103,N,Y,26.4840245,-80.2039385
MLS Listing,,Condo/Co-op,68 SE 6th St #2411,Miami,FL,33131,1250000,2,2.5,REACH CONDO,1265,,2016,2,988,1518,Active,,,https://www.redfin.com/FL/Miami/68-SE-6th-St-33131/unit-2411/home/110141911,MARMLS,A11437924,N,Y,25.767898,-80.1923013
MLS Listing,,Multi-Family (2-4 Unit),1839 NE 56th St,Fort Lauderdale,FL,33308,795000,4,2.0,Coral Highlands Resub Blk,1825,,1962,2,436,,Active,,,https://www.redfin.com/FL/Fort-Lauderdale/1839-NE-56th-St-33308/home/41648938,Beaches MLS,F10396131,N,Y,26.196726,-80.121672
MLS Listing,,Condo/Co-op,68 SE 6th St #2805,Miami,FL,33131,795000,1,1.5,REACH CONDO,879,,2016,2,904,1054,Active,,,https://www.redfin.com/FL/Miami/68-SE-6th-St-33131/unit-2805/home/110142049,MARMLS,A11437985,N,Y,25.767898,-80.1923013
MLS Listing,,Townhouse,1584 Estuary Trl,Delray Beach,FL,33483,1890000,3,3.5,Estuary,2884,5736,2001,2,655,829,Pre On-Market,,,https://www.redfin.com/FL/Delray-Beach/1584-Estuary-Trl-33483/home/42541052,Beaches MLS,RX-10913100,N,Y,26.4818772,-80.06213
MLS Listing,,Single Family Residential,210 S Lake Dr,Lantana,FL,33462,3995000,4,3.0,Lantana Point,3521,24555,1958,2,1135,,Active,,,https://www.redfin.com/FL/Lantana/210-S-Lake-Dr-33462/home/42430637,Beaches MLS,RX-10913097,N,Y,26.5830838,-80.0505672
MLS Listing,,Single Family Residential,7594 Old Marsh Rd,West Palm Beach,FL,33418,1450000,2,2.5,Old Marsh Golf Club,1814,,1988,2,799,1175,Pre On-Market,,,https://www.redfin.com/FL/West-Palm-Beach/7594-Old-Marsh-Rd-33418/home/42129727,Beaches MLS,RX-10913096,N,Y,26.8698794,-80.1543932
MLS Listing,,Single Family Residential,7211 SW 4th Ct,North Lauderdale,FL,33068,460000,3,2.0,LAUDERDALE NORTH PARK SEC,1784,5991,1973,2,258,,Active,,,https://www.redfin.com/FL/North-Lauderdale/7211-SW-4th-Ct-33068/home/41539975,MARMLS,A11438896,N,Y,26.2253775,-80.2226674
MLS Listing,,Single Family Residential,3220 NE 58th St,Fort Lauderdale,FL,33308,3650000,4,4.5,Landings Second Sec,3419,13310,1966,2,1068,,Active,,,https://www.redfin.com/FL/Fort-Lauderdale/3220-NE-58th-St-33308/home/41700962,Beaches MLS,F10396125,N,Y,26.2001703,-80.1032267
MLS Listing,,Single Family Residential,4511 NE 2nd Ave,Deerfield Beach,FL,33064,356000,3,1.0,Pompano Beach Highlands 7,828,7553,1958,2,430,,Active,,,https://www.redfin.com/FL/Deerfield-Beach/4511-NE-2nd-Ave-33064/home/41476648,Beaches MLS,F10396126,N,Y,26.2864417,-80.1220306
MLS Listing,,Condo/Co-op,2800 N Ocean Dr Unit A-22a,Riviera Beach,FL,33404,840000,2,2.0,Phoenix Towers,1219,,1973,2,689,1200,Active,,,https://www.redfin.com/FL/Riviera-Beach/2800-N-Ocean-Dr-33404/unit-A-22A/home/42460419,Beaches MLS,RX-10913093,N,Y,26.7859363,-80.0335382
MLS Listing,,Single Family Residential,4623 Greenway Dr,Hollywood,FL,33021,899000,3,2.5,HILLCREST COUNTRY CLUB SO,2220,4506,2020,2,405,297,Pre On-Market,,,https://www.redfin.com/FL/Hollywood/4623-Greenway-Dr-33021/home/145953962,MARMLS,A11438871,N,Y,25.9984078,-80.1891632
MLS Listing,,Condo/Co-op,4880 NW 22nd St #108,Lauderhill,FL,33313,185000,2,2.0,CASTLE APARTMENTS 2 CONDO,957,,1970,2,193,416,Active,,,https://www.redfin.com/FL/Lauderhill/4880-NW-22nd-St-33313/unit-108/home/41595463,MARMLS,A11438887,N,Y,26.1536108,-80.216402
MLS Listing,,Single Family Residential,3050 NE 8th Ave,Pompano Beach,FL,33064,390000,2,1.0,Cresthaven No 11,1216,6493,1966,2,321,,Active,,,https://www.redfin.com/FL/Pompano-Beach/3050-NE-8th-Ave-33064/home/41494767,Beaches MLS,F10396116,N,Y,26.2693552,-80.1119529
MLS Listing,,Single Family Residential,160 NW 46th Ct,Oakland Park,FL,33309,525000,3,2.0,NORTH ANDREWS GARDENS,994,5502,1958,2,528,,Active,,,https://www.redfin.com/FL/Fort-Lauderdale/160-NW-46th-Ct-33309/home/41655804,MARMLS,A11437838,N,Y,26.1840425,-80.148062
MLS Listing,,Single Family Residential,129 NE 2nd Ave,Dania,FL,33004,529000,3,2.0,Spar-rich Resub Of Blks 2,1806,7800,1955,2,293,,Active,,,https://www.redfin.com/FL/Dania-Beach/129-NE-2nd-Ave-33004/home/41822764,Beaches MLS,F10395830,N,Y,26.0554696,-80.1414969
MLS Listing,,Single Family Residential,9412 SW 36th St,Miami,FL,33165,850000,4,2.0,CENTRAL HEIGHTS,2226,7140,1954,2,382,,Active,,,https://www.redfin.com/FL/Miami/9412-SW-36th-St-33165/home/43070763,MARMLS,A11438698,N,Y,25.7361509,-80.3482013
MLS Listing,,Condo/Co-op,601 N Fort Lauderdale Beach Blvd #1116,Fort Lauderdale,FL,33304,525000,1,1.0,The Atlantic Hotel Condo,465,,2004,2,1129,20,Active,,,https://www.redfin.com/FL/Fort-Lauderdale/601-N-Fort-Lauderdale-Beach-Blvd-33304/unit-1116/home/42014875,Beaches MLS,F10395976,N,Y,26.1315915,-80.1038594
MLS Listing,,Condo/Co-op,1005 S 17th Ave #12,Hollywood,FL,33020,210000,1,1.0,Garden Terrace Co-op,,,1963,2,,300,Active,,,https://www.redfin.com/FL/Hollywood/1005-S-17th-Ave-33020/unit-12/home/41953045,Beaches MLS,F10396121,N,Y,26.0030242,-80.1405468
MLS Listing,,Condo/Co-op,896 N Federal Hwy #521,Lantana,FL,33462,289900,2,2.0,Hidden Harbour OF The Palm Beaches Condo,1025,,1985,2,283,649,Active,,,https://www.redfin.com/FL/Lantana/896-N-Federal-Hwy-33462/unit-521/home/42429763,Beaches MLS,RX-10913087,N,Y,26.5935979,-80.0491621
MLS Listing,,Condo/Co-op,198 NW 67th St #304,Boca Raton,FL,33487,375000,3,2.0,Boca Teeca,1316,,1980,2,285,811,Active,,,https://www.redfin.com/FL/Boca-Raton/198-NW-67th-St-33487/unit-304/home/186921369,Beaches MLS,RX-10913086,N,Y,26.4091584,-80.0818344
MLS Listing,,Single Family Residential,1012 SW 5th Pl,Fort Lauderdale,FL,33312,1599000,3,2.0,Riverside Add Amen Plat,2089,7456,1941,2,765,,Active,,,https://www.redfin.com/FL/Fort-Lauderdale/1012-SW-5th-Pl-33312/home/41797281,Beaches MLS,RX-10913084,N,Y,26.1144927,-80.154774
MLS Listing,,Townhouse,3187 Cocoplum Cir #3187,Coconut Creek,FL,33063,335000,2,2.5,Karanda Village,1182,,1984,2,283,499,Active,,,https://www.redfin.com/FL/Coconut-Creek/3187-Cocoplum-Cir-33063/unit-3187/home/185852853,Beaches MLS,F10395909,N,Y,26.2652848,-80.1915417
MLS Listing,,Condo/Co-op,3224 S Ocean Blvd Unit 212b,Highland Beach,FL,33487,410000,1,1.5,Seagate OF Highland Condo,981,,1970,2,418,880,Active,,,https://www.redfin.com/FL/Highland-Beach/3224-S-Ocean-Blvd-33487/unit-212B/home/42386682,Beaches MLS,RX-10913082,N,Y,26.416404,-80.06571
MLS Listing,,Multi-Family (2-4 Unit),445 SW 36th Ave,Miami,FL,33135,825000,5,3.0,Little Gables,2198,6650,1967,2,375,,Pre On-Market,,,https://www.redfin.com/FL/Miami/445-SW-36th-Ave-33135/home/42734587,Beaches MLS,RX-10913081,N,Y,25.7678472,-80.2530015
MLS Listing,,Townhouse,301 SW 87th Path #301,Miami,FL,33174,695000,3,2.5,CENTURY VILLAS,2071,,2002,2,336,165,Active,August-26-2023 12:00 PM,August-26-2023 02:00 PM,https://www.redfin.com/FL/Miami/301-SW-87th-Path-33174/unit-301/home/186921348,MARMLS,A11438883,N,Y,25.766673,-80.3378
MLS Listing,,Single Family Residential,6752 SW 52nd St,Miami,FL,33155,1200000,4,4.0,ESTONIA SUB,1416,14500,1953,2,847,,Active,,,https://www.redfin.com/FL/Miami/6752-SW-52nd-St-33155/home/43085557,MARMLS,A11438864,N,Y,25.7218846,-80.3036306
MLS Listing,,Condo/Co-op,2581 N Garden Dr #111,Lake Worth,FL,33461,159000,2,2.0,Lake Clarke Gardens Condo 2,1080,,1968,2,147,913,Active,,,https://www.redfin.com/FL/Lake-Worth/2581-Garden-Dr-N-33461/unit-111/home/42287610,Beaches MLS,RX-10913077,N,Y,26.6351852,-80.0814073
MLS Listing,,Single Family Residential,5144 Minto Rd,Boynton Beach,FL,33472,260000,2,2.0,Mirror Lakes 1,1310,4500,1979,2,198,158,Active,,,https://www.redfin.com/FL/Boynton-Beach/5144-Minto-Rd-33472/home/42194081,Beaches MLS,RX-10913076,N,Y,26.5354283,-80.1245758
MLS Listing,,Multi-Family (2-4 Unit),,Lake Worth,FL,33460,499000,2,2.0,,1120,,1962,2,446,,Pre On-Market,,,https://www.redfin.com/FL/Lake-Worth/Undisclosed-address-33460/home/42422654,Beaches MLS,F10396115,N,Y,26.6011384,-80.054169
MLS Listing,,Single Family Residential,3750 Da Vinci Cir,West Palm Beach,FL,33417,367000,2,2.0,Cypress Lakes PL 8,1505,6891,1987,2,244,327,Pre On-Market,,,https://www.redfin.com/FL/West-Palm-Beach/3750-Da-Vinci-Cir-33417/home/42135456,Beaches MLS,RX-10913075,N,Y,26.734196,-80.1230994
MLS Listing,,Single Family Residential,1531 Stillwater Dr,Miami Beach,FL,33141,3650000,4,3.0,BISCAYNE BEACH-2ND ADDN,3080,7500,1953,2,1185,,Active,,,https://www.redfin.com/FL/Miami-Beach/1531-Stillwater-Dr-33141/home/42773014,MARMLS,A11438875,N,Y,25.8693171,-80.1371212
MLS Listing,,Townhouse,3136 N Oasis Dr,Boynton Beach,FL,33426,479000,3,2.5,Quantum Park Townhomes Parkside Square,1540,1216,2004,2,311,150,Active,,,https://www.redfin.com/FL/Boynton-Beach/3136-N-Oasis-Dr-33426/home/42576879,Beaches MLS,RX-10913074,N,Y,26.5531236,-80.0838791
